analysis,adjustment_set,state_definition,standardization,persistent,outcome,exposure,term,estimand,death_handling,k,pooled,ci_low,ci_high,prediction_low,prediction_high,tau2,i2,cohorts,covariates_by_cohort,n_total,clusters_total,mortality_availability_by_cohort,scale
binary_domain_interaction,mental_health,reference_locked_0.20,fixed,False,any_domain,cmm4_start,"C(domain, Treatment(reference='cognitive'))[T.functional]:cmm4_start",survivor_conditional_paired_domain_contrast,observed_living_endpoint_survivor_conditional_model,6,1.3306165145391358,1.2232135737835916,1.4474498539839769,1.0761417423702246,1.6452668259709229,0.004772746704098726,79.20595174480476,"charls,elsa,hrs,klosa,mhas,share","charls:depression,psychiatric;elsa:depression,psychiatric;hrs:depression,psychiatric;klosa:depression,psychiatric;mhas:depression;share:depression,psychiatric",536032,107828,charls:True;elsa:False;hrs:True;klosa:True;mhas:True;share:True,ratio_of_odds_ratios
binary_domain_interaction,mental_health,reference_locked_0.20,fixed,False,any_domain,cmm4_start,cmm4_start,survivor_conditional_paired_domain_contrast,observed_living_endpoint_survivor_conditional_model,6,1.009842487687506,0.9490695499929664,1.074506973642183,0.8597354378734462,1.186157746924239,0.0027764551768559905,81.34779969850823,"charls,elsa,hrs,klosa,mhas,share","charls:depression,psychiatric;elsa:depression,psychiatric;hrs:depression,psychiatric;klosa:depression,psychiatric;mhas:depression;share:depression,psychiatric",536032,107828,charls:True;elsa:False;hrs:True;klosa:True;mhas:True;share:True,odds_ratio
cmm3_no_stroke_binary_domain_interaction,mental_health,matched_0.20,fixed,False,any_domain,cmm3_no_stroke_start,"C(domain, Treatment(reference='cognitive'))[T.functional]:cmm3_no_stroke_start",survivor_conditional_paired_domain_contrast,observed_living_endpoint_survivor_conditional_model,6,1.319766973213832,1.2154569455321704,1.4330288456440419,1.0796190052476429,1.6133329027368029,0.0042071155373273475,76.08109411682234,"charls,elsa,hrs,klosa,mhas,share","charls:depression,psychiatric;elsa:depression,psychiatric;hrs:depression,psychiatric;klosa:depression,psychiatric;mhas:depression;share:depression,psychiatric",532352,107221,charls:True;elsa:False;hrs:True;klosa:True;mhas:True;share:True,ratio_of_odds_ratios
cmm3_no_stroke_binary_domain_interaction,mental_health,matched_0.20,fixed,False,any_domain,cmm3_no_stroke_start,cmm3_no_stroke_start,survivor_conditional_paired_domain_contrast,observed_living_endpoint_survivor_conditional_model,6,0.997820921981878,0.9388577424107372,1.0604871721973654,0.8536113542726016,1.1663933327049028,0.002599483035847788,79.7362008716148,"charls,elsa,hrs,klosa,mhas,share","charls:depression,psychiatric;elsa:depression,psychiatric;hrs:depression,psychiatric;klosa:depression,psychiatric;mhas:depression;share:depression,psychiatric",532352,107221,charls:True;elsa:False;hrs:True;klosa:True;mhas:True;share:True,odds_ratio
cmm3_no_stroke_continuous_domain_interaction,mental_health,continuous,fixed,False,stacked_worsening,cmm3_no_stroke_change_raw,cmm3_no_stroke_change_raw[cognitive],paired_observed_interval_domain_contrast,not_applicable_to_observed_interval_change,6,0.027781257950552633,0.007972483768604079,0.04759003213250119,-0.020142120868052824,0.07570463676915809,0.00023855001493925372,70.81058672007639,"charls,elsa,hrs,klosa,mhas,share","charls:depression,psychiatric;elsa:depression,psychiatric;hrs:depression,psychiatric;klosa:depression,psychiatric;mhas:depression;share:depression,psychiatric",361686,130714,charls:False;elsa:False;hrs:False;klosa:False;mhas:False;share:False,beta
cmm3_no_stroke_continuous_domain_interaction,mental_health,continuous,fixed,False,stacked_worsening,cmm3_no_stroke_change_raw,cmm3_no_stroke_change_raw[functional-minus-cognitive],paired_observed_interval_domain_contrast,not_applicable_to_observed_interval_change,6,0.033467894548420515,0.004587803177751877,0.062347985919089154,-0.03432746402195687,0.1012632531187979,0.0004700191023480937,68.04838959282236,"charls,elsa,hrs,klosa,mhas,share","charls:depression,psychiatric;elsa:depression,psychiatric;hrs:depression,psychiatric;klosa:depression,psychiatric;mhas:depression;share:depression,psychiatric",361686,130714,charls:False;elsa:False;hrs:False;klosa:False;mhas:False;share:False,beta
cmm3_no_stroke_continuous_domain_interaction,mental_health,continuous,fixed,False,stacked_worsening,cmm3_no_stroke_change_raw,cmm3_no_stroke_change_raw[functional],paired_observed_interval_domain_contrast,not_applicable_to_observed_interval_change,6,0.06002642842297976,0.037352006692805514,0.08270085015315401,0.015092769430688303,0.10496008741527121,0.00018411265548649245,63.917004904798624,"charls,elsa,hrs,klosa,mhas,share","charls:depression,psychiatric;elsa:depression,psychiatric;hrs:depression,psychiatric;klosa:depression,psychiatric;mhas:depression;share:depression,psychiatric",361686,130714,charls:False;elsa:False;hrs:False;klosa:False;mhas:False;share:False,beta
cmm3_no_stroke_continuous_gee,mental_health,continuous,fixed,False,cognitive_worsening_fixed_raw,cmm3_no_stroke_change_raw,cmm3_no_stroke_change_raw,observed_interval_change,not_applicable_to_observed_interval_change,6,0.030782699446905766,0.012843859543275323,0.048721539350536205,-0.011404185706922941,0.07296958460073447,0.00018217525997792368,67.37538273888141,"charls,elsa,hrs,klosa,mhas,share","charls:depression,psychiatric;elsa:depression,psychiatric;hrs:depression,psychiatric;klosa:depression,psychiatric;mhas:depression;share:depression,psychiatric",381072,133569,charls:False;elsa:False;hrs:False;klosa:False;mhas:False;share:False,beta
cmm3_no_stroke_continuous_gee,mental_health,continuous,fixed,False,functional_worsening_fixed_raw,cmm3_no_stroke_change_raw,cmm3_no_stroke_change_raw,observed_interval_change,not_applicable_to_observed_interval_change,6,0.09295097199417351,0.07651577736039064,0.10938616662795639,0.0716541361152637,0.11424780787308333,1.795946250162226e-05,47.00728064999157,"charls,elsa,hrs,klosa,mhas,share","charls:depression,psychiatric;elsa:depression,psychiatric;hrs:depression,psychiatric;klosa:depression,psychiatric;mhas:depression;share:depression,psychiatric",398644,142716,charls:False;elsa:False;hrs:False;klosa:False;mhas:False;share:False,beta
cmm3_no_stroke_transition_gee,mental_health,matched_0.20,fixed,False,any_cognitive,cmm3_no_stroke_start,cmm3_no_stroke_start,survivor_conditional_domain_transition,observed_living_endpoint_survivor_conditional_model,6,0.9978210072681157,0.9388578723265274,1.060487206735887,0.8536115554196986,1.1663932572421931,0.002599477929365889,79.73614546726489,"charls,elsa,hrs,klosa,mhas,share","charls:depression,psychiatric;elsa:depression,psychiatric;hrs:depression,psychiatric;klosa:depression,psychiatric;mhas:depression;share:depression,psychiatric",266176,107221,charls:True;elsa:False;hrs:True;klosa:True;mhas:True;share:True,odds_ratio
cmm3_no_stroke_transition_gee,mental_health,matched_0.20,fixed,False,any_functional,cmm3_no_stroke_start,cmm3_no_stroke_start,survivor_conditional_domain_transition,observed_living_endpoint_survivor_conditional_model,6,1.3176604465189188,1.2419041700129156,1.3980378633420485,1.147829874934469,1.5126188037400228,0.0019393377189980488,68.775077831399,"charls,elsa,hrs,klosa,mhas,share","charls:depression,psychiatric;elsa:depression,psychiatric;hrs:depression,psychiatric;klosa:depression,psychiatric;mhas:depression;share:depression,psychiatric",266176,107221,charls:True;elsa:False;hrs:True;klosa:True;mhas:True;share:True,odds_ratio
diabetes_stroke_binary_domain_interaction,mental_health,matched_0.20,fixed,False,any_domain,diabetes_stroke_start,"C(domain, Treatment(reference='cognitive'))[T.functional]:diabetes_stroke_start",survivor_conditional_paired_domain_contrast,observed_living_endpoint_survivor_conditional_model,6,1.4047689140087665,1.2897384522460775,1.5300588257477619,1.1862834475984638,1.6634942565879267,0.002602577691262258,39.41371721798572,"charls,elsa,hrs,klosa,mhas,share","charls:depression,psychiatric;elsa:depression,psychiatric;hrs:depression,psychiatric;klosa:depression,psychiatric;mhas:depression;share:depression,psychiatric",541426,107480,charls:True;elsa:False;hrs:True;klosa:True;mhas:True;share:True,ratio_of_odds_ratios
diabetes_stroke_binary_domain_interaction,mental_health,matched_0.20,fixed,False,any_domain,diabetes_stroke_start,diabetes_stroke_start,survivor_conditional_paired_domain_contrast,observed_living_endpoint_survivor_conditional_model,6,1.1006518165493413,1.0240187000482546,1.183019822993739,0.9464081893539312,1.2800337474893944,0.002169038426309148,53.826158044980986,"charls,elsa,hrs,klosa,mhas,share","charls:depression,psychiatric;elsa:depression,psychiatric;hrs:depression,psychiatric;klosa:depression,psychiatric;mhas:depression;share:depression,psychiatric",541426,107480,charls:True;elsa:False;hrs:True;klosa:True;mhas:True;share:True,odds_ratio
diabetes_stroke_continuous_domain_interaction,mental_health,continuous,fixed,False,stacked_worsening,diabetes_stroke_change_raw,diabetes_stroke_change_raw[cognitive],paired_observed_interval_domain_contrast,not_applicable_to_observed_interval_change,6,0.0924118201832642,0.04458383709338288,0.14023980327314553,-0.028422624919285572,0.21324626528581397,0.0015479223860497661,81.304182965429,"charls,elsa,hrs,klosa,mhas,share","charls:depression,psychiatric;elsa:depression,psychiatric;hrs:depression,psychiatric;klosa:depression,psychiatric;mhas:depression;share:depression,psychiatric",375009,132566,charls:False;elsa:False;hrs:False;klosa:False;mhas:False;share:False,beta
diabetes_stroke_continuous_domain_interaction,mental_health,continuous,fixed,False,stacked_worsening,diabetes_stroke_change_raw,diabetes_stroke_change_raw[functional-minus-cognitive],paired_observed_interval_domain_contrast,not_applicable_to_observed_interval_change,6,0.08787520709287427,0.05878663843452753,0.11696377575122102,0.03819305768655845,0.1375573564991901,0.00019215025254469832,16.3852517920883,"charls,elsa,hrs,klosa,mhas,share","charls:depression,psychiatric;elsa:depression,psychiatric;hrs:depression,psychiatric;klosa:depression,psychiatric;mhas:depression;share:depression,psychiatric",375009,132566,charls:False;elsa:False;hrs:False;klosa:False;mhas:False;share:False,beta
diabetes_stroke_continuous_domain_interaction,mental_health,continuous,fixed,False,stacked_worsening,diabetes_stroke_change_raw,diabetes_stroke_change_raw[functional],paired_observed_interval_domain_contrast,not_applicable_to_observed_interval_change,6,0.18198661036599084,0.13613131126910447,0.22784190946287722,0.08061517583603761,0.2833580448959441,0.0010148584096569123,73.84468956786309,"charls,elsa,hrs,klosa,mhas,share","charls:depression,psychiatric;elsa:depression,psychiatric;hrs:depression,psychiatric;klosa:depression,psychiatric;mhas:depression;share:depression,psychiatric",375009,132566,charls:False;elsa:False;hrs:False;klosa:False;mhas:False;share:False,beta
diabetes_stroke_continuous_gee,mental_health,continuous,fixed,False,cognitive_worsening_fixed_raw,diabetes_stroke_change_raw,diabetes_stroke_change_raw,observed_interval_change,not_applicable_to_observed_interval_change,6,0.10048658054621148,0.05557942030601897,0.145393740786404,-0.01134951611071898,0.21232267720314196,0.001317315553744992,79.31051062608046,"charls,elsa,hrs,klosa,mhas,share","charls:depression,psychiatric;elsa:depression,psychiatric;hrs:depression,psychiatric;klosa:depression,psychiatric;mhas:depression;share:depression,psychiatric",394403,135425,charls:False;elsa:False;hrs:False;klosa:False;mhas:False;share:False,beta
diabetes_stroke_continuous_gee,mental_health,continuous,fixed,False,functional_worsening_fixed_raw,diabetes_stroke_change_raw,diabetes_stroke_change_raw,observed_interval_change,not_applicable_to_observed_interval_change,6,0.2972451709606646,0.2213346757388155,0.3731556661825137,0.10558694221587725,0.48890339970545194,0.0038931032119401392,82.15220279602252,"charls,elsa,hrs,klosa,mhas,share","charls:depression,psychiatric;elsa:depression,psychiatric;hrs:depression,psychiatric;klosa:depression,psychiatric;mhas:depression;share:depression,psychiatric",412381,144500,charls:False;elsa:False;hrs:False;klosa:False;mhas:False;share:False,beta
diabetes_stroke_transition_gee,mental_health,matched_0.20,fixed,False,any_cognitive,diabetes_stroke_start,diabetes_stroke_start,survivor_conditional_domain_transition,observed_living_endpoint_survivor_conditional_model,6,1.1006518174051054,1.0240187245076904,1.183019796576057,0.9464082626369393,1.2800336503633118,0.0021690359282748387,53.82616355617721,"charls,elsa,hrs,klosa,mhas,share","charls:depression,psychiatric;elsa:depression,psychiatric;hrs:depression,psychiatric;klosa:depression,psychiatric;mhas:depression;share:depression,psychiatric",270713,107480,charls:True;elsa:False;hrs:True;klosa:True;mhas:True;share:True,odds_ratio
diabetes_stroke_transition_gee,mental_health,matched_0.20,fixed,False,any_functional,diabetes_stroke_start,diabetes_stroke_start,survivor_conditional_domain_transition,observed_living_endpoint_survivor_conditional_model,6,1.5449085273802499,1.4802985129203166,1.6123385500561458,1.4752426556885305,1.61786425356462,0.0,0.0,"charls,elsa,hrs,klosa,mhas,share","charls:depression,psychiatric;elsa:depression,psychiatric;hrs:depression,psychiatric;klosa:depression,psychiatric;mhas:depression;share:depression,psychiatric",270713,107480,charls:True;elsa:False;hrs:True;klosa:True;mhas:True;share:True,odds_ratio
exclude_elsa_binary_domain_interaction,mental_health,matched_0.20,fixed,False,any_domain,cmm4_start,"C(domain, Treatment(reference='cognitive'))[T.functional]:cmm4_start",survivor_conditional_paired_domain_contrast,observed_living_endpoint_survivor_conditional_model,5,1.3125566288484078,1.1918237490792822,1.4455198642121476,1.0367447895183177,1.6617444537477057,0.004286323568672056,77.26584865361382,"charls,hrs,klosa,mhas,share","charls:depression,psychiatric;hrs:depression,psychiatric;klosa:depression,psychiatric;mhas:depression;share:depression,psychiatric",459238,96320,charls:True;hrs:True;klosa:True;mhas:True;share:True,ratio_of_odds_ratios
exclude_elsa_binary_domain_interaction,mental_health,matched_0.20,fixed,False,any_domain,cmm4_start,cmm4_start,survivor_conditional_paired_domain_contrast,observed_living_endpoint_survivor_conditional_model,5,1.0026771276753152,0.923774322515832,1.0883192981865872,0.8103404795367788,1.2406654335445797,0.0036070592282166298,85.24988885530894,"charls,hrs,klosa,mhas,share","charls:depression,psychiatric;hrs:depression,psychiatric;klosa:depression,psychiatric;mhas:depression;share:depression,psychiatric",459238,96320,charls:True;hrs:True;klosa:True;mhas:True;share:True,odds_ratio
exclude_elsa_continuous_domain_interaction,mental_health,continuous,fixed,False,stacked_worsening,cmm4_change_raw,cmm4_change_raw[cognitive],paired_observed_interval_domain_contrast,not_applicable_to_observed_interval_change,5,0.04947385339921436,0.024354915268138044,0.07459279153029068,-0.01078720365852237,0.10973491045695109,0.00027670024458568054,75.59345996640513,"charls,hrs,klosa,mhas,share","charls:depression,psychiatric;hrs:depression,psychiatric;klosa:depression,psychiatric;mhas:depression;share:depression,psychiatric",316422,119350,charls:True;hrs:True;klosa:True;mhas:True;share:True,beta
exclude_elsa_continuous_domain_interaction,mental_health,continuous,fixed,False,stacked_worsening,cmm4_change_raw,cmm4_change_raw[functional-minus-cognitive],paired_observed_interval_domain_contrast,not_applicable_to_observed_interval_change,5,0.05035519157790869,0.026131602349960405,0.07457878080585698,-0.00035558325587908834,0.10106596641169646,0.0001777891289303413,51.56117781125032,"charls,hrs,klosa,mhas,share","charls:depression,psychiatric;hrs:depression,psychiatric;klosa:depression,psychiatric;mhas:depression;share:depression,psychiatric",316422,119350,charls:True;hrs:True;klosa:True;mhas:True;share:True,beta
exclude_elsa_continuous_domain_interaction,mental_health,continuous,fixed,False,stacked_worsening,cmm4_change_raw,cmm4_change_raw[functional],paired_observed_interval_domain_contrast,not_applicable_to_observed_interval_change,5,0.097085656789871,0.07634564574897691,0.11782566783076508,0.05872546755472371,0.13544584602501827,8.949048282486807e-05,52.82067315884127,"charls,hrs,klosa,mhas,share","charls:depression,psychiatric;hrs:depression,psychiatric;klosa:depression,psychiatric;mhas:depression;share:depression,psychiatric",316422,119350,charls:True;hrs:True;klosa:True;mhas:True;share:True,beta
exclude_elsa_transition_gee,mental_health,matched_0.20,fixed,False,any_cognitive,cmm4_start,cmm4_start,survivor_conditional_domain_transition,observed_living_endpoint_survivor_conditional_model,5,1.0026771181686263,0.9237743806064248,1.0883192091113822,0.8103405282704068,1.240665335405089,0.0036070578390133604,85.24991685184861,"charls,hrs,klosa,mhas,share","charls:depression,psychiatric;hrs:depression,psychiatric;klosa:depression,psychiatric;mhas:depression;share:depression,psychiatric",229619,96320,charls:True;hrs:True;klosa:True;mhas:True;share:True,odds_ratio
exclude_elsa_transition_gee,mental_health,matched_0.20,fixed,False,any_functional,cmm4_start,cmm4_start,survivor_conditional_domain_transition,observed_living_endpoint_survivor_conditional_model,5,1.3184042149613218,1.244928765583611,1.3962161708207714,1.1626825518000756,1.4949821611554228,0.0011333179183386026,61.587368538924856,"charls,hrs,klosa,mhas,share","charls:depression,psychiatric;hrs:depression,psychiatric;klosa:depression,psychiatric;mhas:depression;share:depression,psychiatric",229619,96320,charls:True;hrs:True;klosa:True;mhas:True;share:True,odds_ratio
exclude_interval_outside_0_5_to_5y_binary_domain_interaction,mental_health,matched_0.20,fixed,False,any_domain,cmm4_start,"C(domain, Treatment(reference='cognitive'))[T.functional]:cmm4_start",survivor_conditional_paired_domain_contrast,observed_living_endpoint_survivor_conditional_model,6,1.3216294087433813,1.2264521160771586,1.4241928169542093,1.1009276917461415,1.5865749468841093,0.003485328545461173,76.04363269368287,"charls,elsa,hrs,klosa,mhas,share","charls:depression,psychiatric;elsa:depression,psychiatric;hrs:depression,psychiatric;klosa:depression,psychiatric;mhas:depression;share:depression,psychiatric",532250,107206,charls:True;elsa:False;hrs:True;klosa:True;mhas:True;share:True,ratio_of_odds_ratios
exclude_interval_outside_0_5_to_5y_binary_domain_interaction,mental_health,matched_0.20,fixed,False,any_domain,cmm4_start,cmm4_start,survivor_conditional_paired_domain_contrast,observed_living_endpoint_survivor_conditional_model,6,1.0060598644409722,0.9460466032496198,1.069880117282049,0.8579029762661914,1.1798029367425038,0.00271971523296679,81.76929552899233,"charls,elsa,hrs,klosa,mhas,share","charls:depression,psychiatric;elsa:depression,psychiatric;hrs:depression,psychiatric;klosa:depression,psychiatric;mhas:depression;share:depression,psychiatric",532250,107206,charls:True;elsa:False;hrs:True;klosa:True;mhas:True;share:True,odds_ratio
exclude_interval_outside_0_5_to_5y_continuous_domain_interaction,mental_health,continuous,fixed,False,stacked_worsening,cmm4_change_raw,cmm4_change_raw[cognitive],paired_observed_interval_domain_contrast,not_applicable_to_observed_interval_change,6,0.0458939323179614,0.024281808025487288,0.06750605661043552,-0.0058504686390170105,0.09763833327493981,0.000276649218842594,74.33012114628693,"charls,elsa,hrs,klosa,mhas,share","charls:depression,psychiatric;elsa:depression,psychiatric;hrs:depression,psychiatric;klosa:depression,psychiatric;mhas:depression;share:depression,psychiatric",361560,130671,charls:False;elsa:False;hrs:False;klosa:False;mhas:False;share:False,beta
exclude_interval_outside_0_5_to_5y_continuous_domain_interaction,mental_health,continuous,fixed,False,stacked_worsening,cmm4_change_raw,cmm4_change_raw[functional-minus-cognitive],paired_observed_interval_domain_contrast,not_applicable_to_observed_interval_change,6,0.05337261362272364,0.032537780524478165,0.07420744672096913,0.008445763423972734,0.09829946382147456,0.0001961459437426265,51.61042202141382,"charls,elsa,hrs,klosa,mhas,share","charls:depression,psychiatric;elsa:depression,psychiatric;hrs:depression,psychiatric;klosa:depression,psychiatric;mhas:depression;share:depression,psychiatric",361560,130671,charls:False;elsa:False;hrs:False;klosa:False;mhas:False;share:False,beta
exclude_interval_outside_0_5_to_5y_continuous_domain_interaction,mental_health,continuous,fixed,False,stacked_worsening,cmm4_change_raw,cmm4_change_raw[functional],paired_observed_interval_domain_contrast,not_applicable_to_observed_interval_change,6,0.096000559106175,0.08089358492834067,0.11110753328400932,0.07041035419136579,0.1215907640209842,5.0413570109726816e-05,41.82596739187373,"charls,elsa,hrs,klosa,mhas,share","charls:depression,psychiatric;elsa:depression,psychiatric;hrs:depression,psychiatric;klosa:depression,psychiatric;mhas:depression;share:depression,psychiatric",361560,130671,charls:False;elsa:False;hrs:False;klosa:False;mhas:False;share:False,beta
exclude_interval_outside_0_5_to_5y_continuous_gee_fixed_unannualised,mental_health,continuous,fixed,False,cognitive_worsening_fixed_raw,cmm4_change_raw,cmm4_change_raw,observed_interval_change,not_applicable_to_observed_interval_change,6,0.04956865620964433,0.030720284618423698,0.06841702780086496,0.006056658968775358,0.0930806534505133,0.00019184333699602467,69.60389006066279,"charls,elsa,hrs,klosa,mhas,share","charls:depression,psychiatric;elsa:depression,psychiatric;hrs:depression,psychiatric;klosa:depression,psychiatric;mhas:depression;share:depression,psychiatric",380933,133524,charls:False;elsa:False;hrs:False;klosa:False;mhas:False;share:False,beta
exclude_interval_outside_0_5_to_5y_continuous_gee_fixed_unannualised,mental_health,continuous,fixed,False,functional_worsening_fixed_raw,cmm4_change_raw,cmm4_change_raw,observed_interval_change,not_applicable_to_observed_interval_change,6,0.1602610304590597,0.14839574661242655,0.17212631430569286,0.14744552355666524,0.17307653736145417,0.0,0.0,"charls,elsa,hrs,klosa,mhas,share","charls:depression,psychiatric;elsa:depression,psychiatric;hrs:depression,psychiatric;klosa:depression,psychiatric;mhas:depression;share:depression,psychiatric",398422,142662,charls:False;elsa:False;hrs:False;klosa:False;mhas:False;share:False,beta
exclude_interval_outside_0_5_to_5y_transition_gee,mental_health,matched_0.20,fixed,False,any_cognitive,cmm4_start,cmm4_start,survivor_conditional_domain_transition,observed_living_endpoint_survivor_conditional_model,6,1.00605985357035,0.94604661751179,1.0698800780326032,0.8579029870760528,1.179802896380715,0.002719714747363477,81.76932900537598,"charls,elsa,hrs,klosa,mhas,share","charls:depression,psychiatric;elsa:depression,psychiatric;hrs:depression,psychiatric;klosa:depression,psychiatric;mhas:depression;share:depression,psychiatric",266125,107206,charls:True;elsa:False;hrs:True;klosa:True;mhas:True;share:True,odds_ratio
exclude_interval_outside_0_5_to_5y_transition_gee,mental_health,matched_0.20,fixed,False,any_functional,cmm4_start,cmm4_start,survivor_conditional_domain_transition,observed_living_endpoint_survivor_conditional_model,6,1.3306155401372224,1.2655256511404538,1.3990532029588785,1.1859286773343454,1.4929546350412688,0.0013383823596104685,64.93923169889973,"charls,elsa,hrs,klosa,mhas,share","charls:depression,psychiatric;elsa:depression,psychiatric;hrs:depression,psychiatric;klosa:depression,psychiatric;mhas:depression;share:depression,psychiatric",266125,107206,charls:True;elsa:False;hrs:True;klosa:True;mhas:True;share:True,odds_ratio
exclude_interval_outside_0_5_to_5y_transition_gee,mental_health,matched_0.20,fixed,False,death,cmm4_start,cmm4_start,death_transition,validated_binary_death_endpoint,5,1.2656483525279216,1.0999432707320638,1.4563166982152866,0.8900264200184749,1.7997957321574694,0.009685562232705116,84.09611865045618,"charls,hrs,klosa,mhas,share","charls:depression,psychiatric;hrs:depression,psychiatric;klosa:depression,psychiatric;mhas:depression;share:depression,psychiatric",236577,99281,charls:True;hrs:True;klosa:True;mhas:True;share:True,odds_ratio
exclude_klosa_binary_domain_interaction,mental_health,matched_0.20,fixed,False,any_domain,cmm4_start,"C(domain, Treatment(reference='cognitive'))[T.functional]:cmm4_start",survivor_conditional_paired_domain_contrast,observed_living_endpoint_survivor_conditional_model,5,1.3374246047799512,1.2284610052877982,1.4560531964559666,1.0800216742569462,1.6561747010322139,0.003574901722927479,79.53574805240372,"charls,elsa,hrs,mhas,share","charls:depression,psychiatric;elsa:depression,psychiatric;hrs:depression,psychiatric;mhas:depression;share:depression,psychiatric",492596,100186,charls:True;elsa:False;hrs:True;mhas:True;share:True,ratio_of_odds_ratios
exclude_klosa_binary_domain_interaction,mental_health,matched_0.20,fixed,False,any_domain,cmm4_start,cmm4_start,survivor_conditional_paired_domain_contrast,observed_living_endpoint_survivor_conditional_model,5,1.0013027521643532,0.9247331795885193,1.0842124232397938,0.8135132224521737,1.2324411869665104,0.0034382559256469956,85.41455640161074,"charls,elsa,hrs,mhas,share","charls:depression,psychiatric;elsa:depression,psychiatric;hrs:depression,psychiatric;mhas:depression;share:depression,psychiatric",492596,100186,charls:True;elsa:False;hrs:True;mhas:True;share:True,odds_ratio
exclude_klosa_continuous_domain_interaction,mental_health,continuous,fixed,False,stacked_worsening,cmm4_change_raw,cmm4_change_raw[cognitive],paired_observed_interval_domain_contrast,not_applicable_to_observed_interval_change,5,0.04188315637043973,0.02007250101864345,0.06369381172223601,-0.01155592083736915,0.09532223357824862,0.00022025481631088127,74.84382969684155,"charls,elsa,hrs,mhas,share","charls:depression,psychiatric;elsa:depression,psychiatric;hrs:depression,psychiatric;mhas:depression;share:depression,psychiatric",335568,122528,charls:True;elsa:False;hrs:True;mhas:True;share:True,beta
exclude_klosa_continuous_domain_interaction,mental_health,continuous,fixed,False,stacked_worsening,cmm4_change_raw,cmm4_change_raw[functional-minus-cognitive],paired_observed_interval_domain_contrast,not_applicable_to_observed_interval_change,5,0.05598549410749649,0.029849269093429526,0.08212171912156345,-0.0037068089261855647,0.11567779714117854,0.00026320005950716314,60.63214595681043,"charls,elsa,hrs,mhas,share","charls:depression,psychiatric;elsa:depression,psychiatric;hrs:depression,psychiatric;mhas:depression;share:depression,psychiatric",335568,122528,charls:True;elsa:False;hrs:True;mhas:True;share:True,beta
exclude_klosa_continuous_domain_interaction,mental_health,continuous,fixed,False,stacked_worsening,cmm4_change_raw,cmm4_change_raw[functional],paired_observed_interval_domain_contrast,not_applicable_to_observed_interval_change,5,0.09423676762387802,0.07768688227508525,0.11078665297267079,0.06728164165873961,0.12119189358901643,3.6208508874439124e-05,44.298846726137405,"charls,elsa,hrs,mhas,share","charls:depression,psychiatric;elsa:depression,psychiatric;hrs:depression,psychiatric;mhas:depression;share:depression,psychiatric",335568,122528,charls:True;elsa:False;hrs:True;mhas:True;share:True,beta
exclude_klosa_transition_gee,mental_health,matched_0.20,fixed,False,any_cognitive,cmm4_start,cmm4_start,survivor_conditional_domain_transition,observed_living_endpoint_survivor_conditional_model,5,1.001302761845574,0.924733238924926,1.0842123746359362,0.813513299399933,1.232441094225653,0.003438253567598977,85.41458320443898,"charls,elsa,hrs,mhas,share","charls:depression,psychiatric;elsa:depression,psychiatric;hrs:depression,psychiatric;mhas:depression;share:depression,psychiatric",246298,100186,charls:True;elsa:False;hrs:True;mhas:True;share:True,odds_ratio
exclude_klosa_transition_gee,mental_health,matched_0.20,fixed,False,any_functional,cmm4_start,cmm4_start,survivor_conditional_domain_transition,observed_living_endpoint_survivor_conditional_model,5,1.3395126278505078,1.26581334112214,1.4175028986345939,1.1726220904103262,1.53015544807203,0.0013327709700808373,68.07587836292636,"charls,elsa,hrs,mhas,share","charls:depression,psychiatric;elsa:depression,psychiatric;hrs:depression,psychiatric;mhas:depression;share:depression,psychiatric",246298,100186,charls:True;elsa:False;hrs:True;mhas:True;share:True,odds_ratio
klosa_adl_only_binary_domain_interaction,mental_health,matched_0.20,fixed,False,any_domain,cmm4_start,"C(domain, Treatment(reference='cognitive'))[T.functional]:cmm4_start",survivor_conditional_paired_domain_contrast,observed_living_endpoint_survivor_conditional_model,6,1.3383453934411973,1.2466203864465064,1.436819429249831,1.1263461091539397,1.5902468855605298,0.003095278552722936,74.92457398754956,"charls,elsa,hrs,mhas,share,klosa","charls:depression,psychiatric;elsa:depression,psychiatric;hrs:depression,psychiatric;mhas:depression;share:depression,psychiatric;klosa:depression,psychiatric",534600,107435,charls:True;elsa:False;hrs:True;mhas:True;share:True;klosa:True,ratio_of_odds_ratios
klosa_adl_only_binary_domain_interaction,mental_health,matched_0.20,fixed,False,any_domain,cmm4_start,cmm4_start,survivor_conditional_paired_domain_contrast,observed_living_endpoint_survivor_conditional_model,6,1.0065287714787203,0.9463754305889357,1.0705055679478102,0.8581127458802517,1.1806142871997831,0.0027266689241144675,81.76917462410222,"charls,elsa,hrs,mhas,share,klosa","charls:depression,psychiatric;elsa:depression,psychiatric;hrs:depression,psychiatric;mhas:depression;share:depression,psychiatric;klosa:depression,psychiatric",534600,107435,charls:True;elsa:False;hrs:True;mhas:True;share:True;klosa:True,odds_ratio
klosa_adl_only_continuous_domain_interaction,mental_health,continuous,fixed,False,stacked_worsening,cmm4_change_raw,cmm4_change_raw[cognitive],paired_observed_interval_domain_contrast,not_applicable_to_observed_interval_change,6,0.04580999984501651,0.02435912033339924,0.06726087935663379,-0.005478329963485025,0.09709832965351806,0.0002716042511009058,74.1358365084877,"charls,elsa,hrs,mhas,share,klosa","charls:depression,psychiatric;elsa:depression,psychiatric;hrs:depression,psychiatric;mhas:depression;share:depression,psychiatric;klosa:depression,psychiatric",361564,130672,charls:True;elsa:False;hrs:True;mhas:True;share:True;klosa:False,beta
klosa_adl_only_continuous_domain_interaction,mental_health,continuous,fixed,False,stacked_worsening,cmm4_change_raw,cmm4_change_raw[functional-minus-cognitive],paired_observed_interval_domain_contrast,not_applicable_to_observed_interval_change,6,0.05257783124845424,0.03027181713293994,0.07488384536396854,0.00466460295099904,0.10049105954590945,0.00022250788995891005,54.60511564920366,"charls,elsa,hrs,mhas,share,klosa","charls:depression,psychiatric;elsa:depression,psychiatric;hrs:depression,psychiatric;mhas:depression;share:depression,psychiatric;klosa:depression,psychiatric",361564,130672,charls:True;elsa:False;hrs:True;mhas:True;share:True;klosa:False,beta
klosa_adl_only_continuous_domain_interaction,mental_health,continuous,fixed,False,stacked_worsening,cmm4_change_raw,cmm4_change_raw[functional],paired_observed_interval_domain_contrast,not_applicable_to_observed_interval_change,6,0.09473808047388707,0.081127230601479,0.10834893034629514,0.07271044286793127,0.11676571807984287,3.490902630950442e-05,33.72614127031778,"charls,elsa,hrs,mhas,share,klosa","charls:depression,psychiatric;elsa:depression,psychiatric;hrs:depression,psychiatric;mhas:depression;share:depression,psychiatric;klosa:depression,psychiatric",361564,130672,charls:True;elsa:False;hrs:True;mhas:True;share:True;klosa:False,beta
klosa_adl_only_transition_gee,mental_health,matched_0.20,fixed,False,any_cognitive,cmm4_start,cmm4_start,survivor_conditional_domain_transition,observed_living_endpoint_survivor_conditional_model,6,1.0065287178189595,0.9463753691675674,1.0705055232844896,0.858112626834228,1.180614325105359,0.002726672243341388,81.76920809154336,"charls,elsa,hrs,mhas,share,klosa","charls:depression,psychiatric;elsa:depression,psychiatric;hrs:depression,psychiatric;mhas:depression;share:depression,psychiatric;klosa:depression,psychiatric",267300,107435,charls:True;elsa:False;hrs:True;mhas:True;share:True;klosa:True,odds_ratio
klosa_adl_only_transition_gee,mental_health,matched_0.20,fixed,False,any_functional,cmm4_start,cmm4_start,survivor_conditional_domain_transition,observed_living_endpoint_survivor_conditional_model,6,1.342355398550293,1.2805473289355374,1.407146753033307,1.2022954138042814,1.498731505858048,0.001238919287368739,61.61397412420677,"charls,elsa,hrs,mhas,share,klosa","charls:depression,psychiatric;elsa:depression,psychiatric;hrs:depression,psychiatric;mhas:depression;share:depression,psychiatric;klosa:depression,psychiatric",267300,107435,charls:True;elsa:False;hrs:True;mhas:True;share:True;klosa:True,odds_ratio
temporal_boundary_landmark,base,continuous,fixed,False,cognitive_delayed_slope,pre_cmm4_slope,pre_cmm4_slope,person_level_early_cmm_accumulation_to_later_domain_slope,living_participants_with_four_or_more_observed_waves,5,0.03133178513924269,0.015193377493669443,0.04747019278481593,0.012833448655417967,0.04983012162306741,0.0,0.0,"charls,elsa,hrs,klosa,share","charls:baseline_cmm4,baseline_cognition_post,baseline_function_post,age,sex,education,pre_years,post_years;elsa:baseline_cmm4,baseline_cognition_post,baseline_function_post,age,sex,education,pre_years,post_years;hrs:baseline_cmm4,baseline_cognition_post,baseline_function_post,age,sex,education,pre_years,post_years;klosa:baseline_cmm4,baseline_cognition_post,baseline_function_post,age,sex,education,pre_years,post_years;share:baseline_cmm4,baseline_cognition_post,baseline_function_post,age,sex,education,pre_years,post_years",62417,62417,charls:False;elsa:False;hrs:False;klosa:False;share:False,beta
temporal_boundary_landmark,base,continuous,fixed,False,functional_delayed_slope,pre_cmm4_slope,pre_cmm4_slope,person_level_early_cmm_accumulation_to_later_domain_slope,living_participants_with_four_or_more_observed_waves,5,0.015963569800965062,-0.0025449037727563045,0.03447204337468643,-0.005251408745111586,0.03717854834704171,0.0,0.0,"charls,elsa,hrs,klosa,share","charls:baseline_cmm4,baseline_cognition_post,baseline_function_post,age,sex,education,pre_years,post_years;elsa:baseline_cmm4,baseline_cognition_post,baseline_function_post,age,sex,education,pre_years,post_years;hrs:baseline_cmm4,baseline_cognition_post,baseline_function_post,age,sex,education,pre_years,post_years;klosa:baseline_cmm4,baseline_cognition_post,baseline_function_post,age,sex,education,pre_years,post_years;share:baseline_cmm4,baseline_cognition_post,baseline_function_post,age,sex,education,pre_years,post_years",62417,62417,charls:False;elsa:False;hrs:False;klosa:False;share:False,beta
temporal_boundary_landmark,base,continuous,fixed,False,mean_delayed_slope,pre_cmm4_slope,pre_cmm4_slope,person_level_early_cmm_accumulation_to_later_domain_slope,living_participants_with_four_or_more_observed_waves,5,0.02367886093396534,0.010460056553734949,0.03689766531419573,0.008527063017494244,0.038830658850436434,0.0,0.0,"charls,elsa,hrs,klosa,share","charls:baseline_cmm4,baseline_cognition_post,baseline_function_post,age,sex,education,pre_years,post_years;elsa:baseline_cmm4,baseline_cognition_post,baseline_function_post,age,sex,education,pre_years,post_years;hrs:baseline_cmm4,baseline_cognition_post,baseline_function_post,age,sex,education,pre_years,post_years;klosa:baseline_cmm4,baseline_cognition_post,baseline_function_post,age,sex,education,pre_years,post_years;share:baseline_cmm4,baseline_cognition_post,baseline_function_post,age,sex,education,pre_years,post_years",62417,62417,charls:False;elsa:False;hrs:False;klosa:False;share:False,beta
transition_gee,mental_health,reference_locked_0.20,fixed,False,any_cognitive,cmm4_start,cmm4_start,survivor_conditional_domain_transition,observed_living_endpoint_survivor_conditional_model,6,1.0098425318703823,0.9490695784010271,1.0745070355036472,0.8597354987477835,1.1861577667314078,0.002776453787702169,81.34773944218969,"charls,elsa,hrs,klosa,mhas,share","charls:depression,psychiatric;elsa:depression,psychiatric;hrs:depression,psychiatric;klosa:depression,psychiatric;mhas:depression;share:depression,psychiatric",268016,107828,charls:True;elsa:False;hrs:True;klosa:True;mhas:True;share:True,odds_ratio
transition_gee,mental_health,reference_locked_0.20,fixed,False,any_functional,cmm4_start,cmm4_start,survivor_conditional_domain_transition,observed_living_endpoint_survivor_conditional_model,6,1.342962232343909,1.3083752186023812,1.3784635568294408,1.3056441741061273,1.3813469192223706,0.0,25.78267060564422,"charls,elsa,hrs,klosa,mhas,share","charls:depression,psychiatric;elsa:depression,psychiatric;hrs:depression,psychiatric;klosa:depression,psychiatric;mhas:depression;share:depression,psychiatric",268016,107828,charls:True;elsa:False;hrs:True;klosa:True;mhas:True;share:True,odds_ratio
transition_gee,mental_health,reference_locked_0.20,fixed,False,cognitive_only,cmm4_start,cmm4_start,survivor_conditional_domain_transition,observed_living_endpoint_survivor_conditional_model,6,0.9574442193672597,0.884606827534342,1.0362789486430835,0.7784917459945665,1.177532630135528,0.0046062321065683445,83.0775006009859,"charls,elsa,hrs,klosa,mhas,share","charls:depression,psychiatric;elsa:depression,psychiatric;hrs:depression,psychiatric;klosa:depression,psychiatric;mhas:depression;share:depression,psychiatric",268016,107828,charls:True;elsa:False;hrs:True;klosa:True;mhas:True;share:True,odds_ratio
transition_gee,mental_health,reference_locked_0.20,fixed,False,functional_only,cmm4_start,cmm4_start,survivor_conditional_domain_transition,observed_living_endpoint_survivor_conditional_model,6,1.3522367104167632,1.3045721923882758,1.4016427236972144,1.2637157551733584,1.4469583951241527,0.0003997520904208553,40.75304602629717,"charls,elsa,hrs,klosa,mhas,share","charls:depression,psychiatric;elsa:depression,psychiatric;hrs:depression,psychiatric;klosa:depression,psychiatric;mhas:depression;share:depression,psychiatric",268016,107828,charls:True;elsa:False;hrs:True;klosa:True;mhas:True;share:True,odds_ratio
transition_gee,mental_health,reference_locked_0.20,fixed,False,joint,cmm4_start,cmm4_start,survivor_conditional_domain_transition,observed_living_endpoint_survivor_conditional_model,6,1.239126475328828,1.1567805140621263,1.3273342723150179,1.079049798445894,1.422950473715171,0.0017665298516939569,42.79545807674885,"charls,elsa,hrs,klosa,mhas,share","charls:depression,psychiatric;elsa:depression,psychiatric;hrs:depression,psychiatric;klosa:depression,psychiatric;mhas:depression;share:depression,psychiatric",268016,107828,charls:True;elsa:False;hrs:True;klosa:True;mhas:True;share:True,odds_ratio
