cohort,mortality_available,wave,domain,scale,metric_type,rows,death_endpoint_rows_excluded,observed_n,missing_percent,mean,sd,skewness,minimum,p05,p25,median,p75,p95,maximum,zero_percent,observed_floor_percent,observed_ceiling_percent
charls,True,1,cognition,source_metric,fixed_reference_item_z_mean,17708,0,12404,29.95256381296589,0.11024669981754764,0.6558779909043289,-0.6402231537359172,-2.0964652669086146,-1.119592214284385,-0.29660016734394246,0.2355265468657144,0.6132980973943274,0.9836075049268886,1.5761025569789864,0.0,0.016123831022250887,0.016123831022250887
charls,True,1,cognition,z_fixed,z_fixed,17708,0,12404,29.95256381296589,1.1456671005483718e-17,1.0,-0.6402231537359172,-3.364515957737099,-1.8751031916869523,-0.6203087659650341,0.19101090261533257,0.7669892945838436,1.331590352506181,2.2349520451819203,0.0,0.016123831022250887,0.016123831022250887
charls,True,1,cognition,z_wave,z_wave,17708,0,12404,29.95256381296589,-1.1456671005483718e-17,1.0000000000000018,-0.6402231537359175,-3.364515957737105,-1.8751031916869556,-0.6203087659650353,0.19101090261533293,0.766989294583845,1.3315903525061834,2.2349520451819243,0.0,0.016123831022250887,0.016123831022250887
charls,True,1,function,source_metric,fixed_reference_item_z_mean,17708,0,17248,2.5976959566297717,1.7772256587263605e-05,0.9165634775918046,3.0999934024648246,-0.3909562059955536,-0.3909562059955536,-0.3909562059955536,-0.3909562059955536,0.05883837367085637,1.9649702031530896,4.770691191968142,0.0,72.9301948051948,0.701530612244898
charls,True,1,function,z_fixed,z_fixed,17708,0,17248,2.5976959566297717,2.471739572449328e-17,1.0,3.0999934024648255,-0.42656508557311595,-0.42656508557311595,-0.42656508557311595,-0.42656508557311595,0.06417515300611303,2.143825800324549,5.204956924801443,0.0,72.9301948051948,0.701530612244898
charls,True,1,function,z_wave,z_wave,17708,0,17248,2.5976959566297717,3.295652763265771e-18,1.0000000000000016,3.099993402464826,-0.4265650855731167,-0.4265650855731167,-0.4265650855731167,-0.4265650855731167,0.06417515300611312,2.1438258003245525,5.204956924801452,0.0,72.9301948051948,0.701530612244898
charls,True,2,cognition,source_metric,fixed_reference_item_z_mean,18612,0,13374,28.1431334622824,0.1437360365431822,0.6446103882789332,-0.7004553847612625,-2.0964652669086146,-1.1112355338218716,-0.27539915059011383,0.24298868986176636,0.6132980973943274,0.9836075049268886,1.5761025569789864,0.0,0.0598175564528189,0.04486316733961417
charls,True,2,cognition,z_fixed,z_fixed,18612,0,13374,28.1431334622824,0.05106031486048074,0.9828205812946097,-0.7004553847612622,-3.364515957737099,-1.8623619797871729,-0.5879841308227625,0.2023882366615065,0.7669892945838436,1.331590352506181,2.2349520451819203,0.0,0.0598175564528189,0.04486316733961417
charls,True,2,cognition,z_wave,z_wave,18612,0,13374,28.1431334622824,-3.187719765635263e-17,0.9999999999999982,-0.7004553847612622,-3.4752795551945432,-1.9468683613922853,-0.6502147572464017,0.15397308998320977,0.7284432106420806,1.3029133313009518,2.2220655243551457,0.0,0.0598175564528189,0.04486316733961417
charls,True,2,function,source_metric,fixed_reference_item_z_mean,18612,0,17896,3.846980442725124,-0.02846273389413118,0.8562099434067835,3.198919676491038,-0.3909562059955536,-0.3909562059955536,-0.3909562059955536,-0.3909562059955536,0.05883837367085637,1.9293190328808918,4.770691191968142,0.0,73.32364774251229,0.4693786320965579
charls,True,2,function,z_fixed,z_fixed,18612,0,17896,3.846980442725124,-0.031073140973878446,0.9341523684277765,3.198919676491037,-0.42656508557311595,-0.42656508557311595,-0.42656508557311595,-0.42656508557311595,0.06417515300611303,2.104929235990709,5.204956924801443,0.0,73.32364774251229,0.4693786320965579
charls,True,2,function,z_wave,z_wave,18612,0,17896,3.846980442725124,-2.3028318436570077e-17,1.0000000000000004,3.1989196764910384,-0.42336984625417134,-0.42336984625417134,-0.42336984625417134,-0.42336984625417134,0.10196226782607107,2.2865674264248605,5.605113515461954,0.0,73.32364774251229,0.4693786320965579
charls,True,3,cognition,source_metric,fixed_reference_item_z_mean,21097,0,16389,22.31596909513201,0.11495809133676743,0.6506403207200959,-0.7378488753985618,-2.0964652669086146,-1.1827970861583905,-0.2865923650841918,0.2355265468657144,0.6095670258963015,0.9836075049268886,1.5761025569789864,0.0,0.12203307096223077,0.030508267740557694
charls,True,3,cognition,z_fixed,z_fixed,21097,0,16389,22.31596909513201,0.007183335291863819,0.9920142614070474,-0.7378488753985618,-3.364515957737099,-1.9714700049518064,-0.6050501318920233,0.19101090261533257,0.7613006275607568,1.331590352506181,2.2349520451819203,0.0,0.12203307096223077,0.030508267740557694
charls,True,3,cognition,z_wave,z_wave,21097,0,16389,22.31596909513201,-1.1272262572312285e-17,1.000000000000001,-0.7378488753985619,-3.3988415531916196,-1.9945815470809882,-0.617161961276153,0.1853073836486309,0.7601879545554852,1.3350685254623393,2.245702301426846,0.0,0.12203307096223077,0.030508267740557694
charls,True,3,function,source_metric,fixed_reference_item_z_mean,21097,0,19841,5.953453097596815,0.011328993686803698,0.9022395930652646,2.982625127779756,-0.3909562059955536,-0.3909562059955536,-0.3909562059955536,-0.3909562059955536,0.05883837367085637,1.9649702031530896,4.770691191968142,0.0,71.05488634645431,0.5040068544932211
charls,True,3,function,z_fixed,z_fixed,21097,0,19841,5.953453097596815,0.012340903501780113,0.9843721849312884,2.9826251277797557,-0.42656508557311595,-0.42656508557311595,-0.42656508557311595,-0.42656508557311595,0.06417515300611303,2.143825800324549,5.204956924801443,0.0,71.05488634645431,0.5040068544932211
charls,True,3,function,z_wave,z_wave,21097,0,19841,5.953453097596815,0.0,1.0000000000000004,2.982625127779756,-0.4458740258955336,-0.4458740258955336,-0.4458740258955336,-0.4458740258955336,0.052657165955934775,2.165324182714034,5.27505358317507,0.0,71.05488634645431,0.5040068544932211
charls,True,4,cognition,source_metric,fixed_reference_item_z_mean,19816,0,12139,38.74142107387969,0.17291944693584174,0.6511918410545042,-0.6254313966720865,-2.0964652669086146,-1.0496817837451036,-0.22249295574372485,0.2430340199554717,0.6811285782328202,1.0576693864334008,1.5761025569789864,0.0,0.057665376060631025,0.008237910865804433
charls,True,4,cognition,z_fixed,z_fixed,19816,0,12139,38.74142107387969,0.09555549658234527,0.992855150020565,-0.6254313966720862,-3.364515957737099,-1.7685125886955502,-0.5073194407735635,0.20245735026850958,0.8704086527253901,1.4445105640906484,2.2349520451819203,0.0,0.057665376060631025,0.008237910865804433
charls,True,4,cognition,z_wave,z_wave,19816,0,12139,38.74142107387969,8.194742812951151e-18,0.9999999999999999,-0.6254313966720862,-3.48497104965188,-1.8774824154754952,-0.6072133859036954,0.1076711478849156,0.7804292057376098,1.358662507295613,2.1547922157177326,0.0,0.057665376060631025,0.008237910865804433
charls,True,4,function,source_metric,fixed_reference_item_z_mean,19816,0,19454,1.8268066209123939,0.05557849776640583,0.9726259936344521,2.7978871898657443,-0.3909562059955536,-0.3909562059955536,-0.3909562059955536,-0.3909562059955536,0.05883837367085637,2.379113612547302,4.770691191968142,0.0,70.29402693533463,0.7402076693739077
charls,True,4,function,z_fixed,z_fixed,19816,0,19454,1.8268066209123939,0.06061852437738392,1.061165993859964,2.797887189865744,-0.42656508557311595,-0.42656508557311595,-0.42656508557311595,-0.42656508557311595,0.06417515300611303,2.5956694745699385,5.204956924801443,0.0,70.29402693533463,0.7402076693739077
charls,True,4,function,z_wave,z_wave,19816,0,19454,1.8268066209123939,3.360230887731532e-17,0.9999999999999984,2.797887189865744,-0.45910216947150856,-0.45910216947150856,-0.45910216947150856,-0.45910216947150856,0.003351623260930138,2.3889296913589995,4.847816863892945,0.0,70.29402693533463,0.7402076693739077
charls,True,5,cognition,source_metric,fixed_reference_item_z_mean,19395,0,13195,31.96700180458881,0.06627096734469644,0.610405685559032,-0.41360671340215566,-2.0964652669086146,-1.0371736523153592,-0.3028315680119618,0.09491025694244726,0.5292964087686225,0.9836075049268886,1.5761025569789864,0.0,0.037893141341417205,0.007578628268283441
charls,True,5,cognition,z_fixed,z_fixed,19395,0,13195,31.96700180458881,-0.06704864789290639,0.9306695666329656,-0.41360671340215577,-3.364515957737099,-1.749441768202705,-0.6298096194079549,-0.023383072900425274,0.63891411933687,1.331590352506181,2.2349520451819203,0.0,0.037893141341417205,0.007578628268283441
charls,True,5,cognition,z_wave,z_wave,19395,0,13195,31.96700180458881,1.9385781346997808e-17,1.0,-0.4136067134021559,-3.543112859888581,-1.80772336458413,-0.604683973444023,0.04691845157294351,0.7585536183200365,1.5028309193123945,2.473488739298899,0.0,0.037893141341417205,0.007578628268283441
charls,True,5,function,source_metric,fixed_reference_item_z_mean,19395,0,19347,0.24748646558391338,0.07057218388038548,0.995653666048224,2.7756697633614484,-0.3909562059955536,-0.3909562059955536,-0.3909562059955536,-0.3909562059955536,0.094489543943054,2.4147647828195,4.770691191968142,0.0,69.2200341138161,0.8528454023879672
charls,True,5,function,z_fixed,z_fixed,19395,0,19347,0.24748646558391338,0.07697711435019662,1.0862899192363877,2.775669763361449,-0.42656508557311595,-0.42656508557311595,-0.42656508557311595,-0.42656508557311595,0.1030717173399529,2.6345660389037784,5.204956924801443,0.0,69.2200341138161,0.8528454023879672
charls,True,5,function,z_wave,z_wave,19395,0,19347,0.24748646558391338,-1.762859942961948e-17,1.0,2.7756697633614476,-0.46354310300263096,-0.46354310300263096,-0.46354310300263096,-0.46354310300263096,0.02402176668278354,2.354425719380191,4.720636470654152,0.0,69.2200341138161,0.8528454023879672
charls,True,death,cognition,source_metric,source_metric,0,2829,0,,,,,,,,,,,,,,
charls,True,death,cognition,z_fixed,z_fixed,0,2829,0,,,,,,,,,,,,,,
charls,True,death,cognition,z_wave,z_wave,0,2829,0,,,,,,,,,,,,,,
charls,True,death,function,source_metric,source_metric,0,2829,0,,,,,,,,,,,,,,
charls,True,death,function,z_fixed,z_fixed,0,2829,0,,,,,,,,,,,,,,
charls,True,death,function,z_wave,z_wave,0,2829,0,,,,,,,,,,,,,,
elsa,False,1,cognition,source_metric,fixed_reference_item_z_mean,12099,0,11701,3.289528060170262,0.0041166703671793375,0.7814256357790984,-1.4880730744343653,-4.536480601449531,-1.3949664210897494,-0.39424311199879275,0.163133900348853,0.5811666596095874,0.9991994188703217,1.6959206843048789,0.0,0.13674044953422784,0.09400905905478164
elsa,False,1,cognition,z_fixed,z_fixed,12099,0,11701,3.289528060170262,2.4289983275279043e-18,1.0,-1.4880730744343649,-5.810658191792794,-1.7904238450815764,-0.5097859145212182,0.20349630559935497,0.7384579706897849,1.273419635780215,2.1650224109309315,0.0,0.13674044953422784,0.09400905905478164
elsa,False,1,cognition,z_wave,z_wave,12099,0,11701,3.289528060170262,2.4289983275279043e-18,0.9999999999999992,-1.4880730744343644,-5.810658191792789,-1.7904238450815748,-0.5097859145212178,0.2034963055993548,0.7384579706897844,1.2734196357802139,2.1650224109309297,0.0,0.13674044953422784,0.09400905905478164
elsa,False,1,function,source_metric,fixed_reference_item_z_mean,12099,0,11908,1.5786428630465328,-1.1933871947599935e-18,0.9106072344336396,2.901934824817242,-0.41230386418079346,-0.41230386418079346,-0.41230386418079346,-0.41230386418079346,0.09371527878209163,2.1383155508855545,6.237777945218442,0.0,72.10278804165267,0.03359086328518643
elsa,False,1,function,z_fixed,z_fixed,12099,0,11908,1.5786428630465328,-4.0575164621839785e-17,1.0,2.901934824817241,-0.45277903424216653,-0.45277903424216653,-0.45277903424216653,-0.45277903424216653,0.1029151485276511,2.3482303566537106,6.850130011429224,0.0,72.10278804165267,0.03359086328518643
elsa,False,1,function,z_wave,z_wave,12099,0,11908,1.5786428630465328,0.0,0.9999999999999976,2.9019348248172423,-0.4527790342421654,-0.4527790342421654,-0.4527790342421654,-0.4527790342421654,0.10291514852765092,2.3482303566537053,6.850130011429209,0.0,72.10278804165267,0.03359086328518643
elsa,False,2,cognition,source_metric,fixed_reference_item_z_mean,9432,0,9225,2.1946564885496183,0.08216929058531927,0.7912473838691491,-1.6626182513044954,-4.536480601449531,-1.2809357054854145,-0.2548988589118813,0.30247815343576445,0.5811666596095874,0.9991994188703217,1.6959206843048789,0.0,0.14092140921409213,0.0975609756097561
elsa,False,2,cognition,z_fixed,z_fixed,9432,0,9225,2.1946564885496183,0.09988489837592769,1.0125690118679793,-1.6626182513044956,-5.810658191792794,-1.6444973354007877,-0.3314653594910749,0.3818168606294983,0.7384579706897849,1.273419635780215,2.1650224109309315,0.0,0.14092140921409213,0.0975609756097561
elsa,False,2,cognition,z_wave,z_wave,9432,0,9225,2.1946564885496183,-2.926896906112066e-17,0.9999999999999998,-1.662618251304495,-5.837175561263718,-1.7227292296440049,-0.42599591021578964,0.2784323428320848,0.6306464693560221,1.158967659141928,2.039502975451771,0.0,0.14092140921409213,0.0975609756097561
elsa,False,2,function,source_metric,fixed_reference_item_z_mean,9432,0,9429,0.031806615776081425,0.03207448053633564,0.982306462809127,3.040584627752285,-0.41230386418079346,-0.41230386418079346,-0.41230386418079346,-0.41230386418079346,0.09371527878209163,2.148577401011515,6.237777945218442,0.0,70.8240534521158,0.2545338848234171
elsa,False,2,function,z_fixed,z_fixed,9432,0,9429,0.031806615776081425,0.03522317781308274,1.0787378198462059,3.0405846277522843,-0.45277903424216653,-0.45277903424216653,-0.45277903424216653,-0.45277903424216653,0.1029151485276511,2.3594995951771045,6.850130011429224,0.0,70.8240534521158,0.2545338848234171
elsa,False,2,function,z_wave,z_wave,9432,0,9429,0.031806615776081425,1.318750437565145e-17,0.9999999999999992,3.0405846277522848,-0.4523825929499929,-0.4523825929499929,-0.4523825929499929,-0.4523825929499929,0.06275108693622986,2.1546258735003736,6.317482068615828,0.0,70.8240534521158,0.2545338848234171
elsa,False,3,cognition,source_metric,fixed_reference_item_z_mean,9766,0,9469,3.0411632193323777,0.13175450976312258,0.8115951293028293,-1.7170438734114557,-4.536480601449531,-1.3949664210897494,-0.2548988589118813,0.30247815343576445,0.5811666596095874,1.138543671957233,1.6959206843048789,0.0,0.1267293272784877,0.16897243637131693
elsa,False,3,cognition,z_fixed,z_fixed,9766,0,9469,3.0411632193323777,0.16333971340559558,1.0386082720381336,-1.7170438734114564,-5.810658191792794,-1.7904238450815764,-0.3314653594910749,0.3818168606294983,0.7384579706897849,1.4517401908103582,2.1650224109309315,0.0,0.1267293272784877,0.16897243637131693
elsa,False,3,cognition,z_wave,z_wave,9766,0,9469,3.0411632193323777,3.001553430183125e-17,0.9999999999999994,-1.7170438734114553,-5.751925982136838,-1.8811361425546553,-0.4764116425971455,0.21035567798354773,0.5537393382738944,1.2405066588545877,1.9272739794352811,0.0,0.1267293272784877,0.16897243637131693
elsa,False,3,function,source_metric,fixed_reference_item_z_mean,9766,0,9762,0.040958427196395655,0.01360821657377632,1.0135613538440158,3.2584988524804754,-0.41230386418079346,-0.41230386418079346,-0.41230386418079346,-0.41230386418079346,0.09371527878209163,2.148577401011515,6.237777945218442,0.0,73.80659700880967,0.2868264699856587
elsa,False,3,function,z_fixed,z_fixed,9766,0,9762,0.040958427196395655,0.014944112081692424,1.1130609504485318,3.2584988524804763,-0.45277903424216653,-0.45277903424216653,-0.45277903424216653,-0.45277903424216653,0.1029151485276511,2.3594995951771045,6.850130011429224,0.0,73.80659700880967,0.2868264699856587
elsa,False,3,function,z_wave,z_wave,9766,0,9762,0.040958427196395655,2.3291710248231106e-17,1.0000000000000009,3.2584988524804754,-0.42021341790436567,-0.42021341790436567,-0.42021341790436567,-0.42021341790436567,0.07903523738795161,2.10640350121943,6.14089093377425,0.0,73.80659700880967,0.2868264699856587
elsa,False,4,cognition,source_metric,fixed_reference_item_z_mean,11050,0,10538,4.633484162895927,0.1543109522184648,0.7897079678389817,-1.7234331928671822,-4.536480601449531,-1.2556221680028379,-0.14086814330754632,0.30247815343576445,0.7205109126964988,1.138543671957233,1.6959206843048789,0.0,0.14234200037957867,0.2467261339912697
elsa,False,4,cognition,z_fixed,z_fixed,11050,0,10538,4.633484162895927,0.19220547032800955,1.0105990022347113,-1.7234331928671827,-5.810658191792794,-1.612103290051433,-0.18553884981028634,0.3818168606294983,0.9167785257199282,1.4517401908103582,2.1650224109309315,0.0,0.14234200037957867,0.2467261339912697
elsa,False,4,cognition,z_wave,z_wave,11050,0,10538,4.633484162895927,1.0788274598748911e-17,1.0000000000000002,-1.7234331928671818,-5.93990657901584,-1.7853854559420919,-0.3737825975515509,0.18762277607854957,0.7169738479750024,1.2463249198714552,1.9521263490667256,0.0,0.14234200037957867,0.2467261339912697
elsa,False,4,function,source_metric,fixed_reference_item_z_mean,11050,0,11041,0.08144796380090498,-0.025933634806227582,0.947268829672175,3.577027994581758,-0.41230386418079346,-0.41230386418079346,-0.41230386418079346,-0.41230386418079346,0.10397712890805252,1.8347040651078235,6.237777945218442,0.0,74.55846390725478,0.38040032605742236
elsa,False,4,function,z_fixed,z_fixed,11050,0,11041,0.08144796380090498,-0.028479495687685024,1.0402606017745262,3.5770279945817585,-0.45277903424216653,-0.45277903424216653,-0.45277903424216653,-0.45277903424216653,0.11418438705104517,2.01481384699182,6.850130011429224,0.0,74.55846390725478,0.38040032605742236
elsa,False,4,function,z_wave,z_wave,11050,0,11041,0.08144796380090498,2.0593576256066666e-17,1.0,3.577027994581758,-0.40787811999290474,-0.40787811999290474,-0.40787811999290474,-0.40787811999290474,0.13714244535971787,1.9642129474037155,6.612390679203892,0.0,74.55846390725478,0.38040032605742236
elsa,False,5,cognition,source_metric,fixed_reference_item_z_mean,10274,0,9660,5.976250729998053,0.16905967109078882,0.7997056183896917,-1.8071616084114919,-4.536480601449531,-1.141591452398503,-0.14086814330754632,0.30247815343576445,0.7205109126964988,1.138543671957233,1.6959206843048789,0.0,0.2484472049689441,0.3105590062111801
elsa,False,5,cognition,z_fixed,z_fixed,10274,0,9660,5.976250729998053,0.21107958732267307,1.0233931186457272,-1.807161608411492,-5.810658191792794,-1.4661767803706443,-0.18553884981028634,0.3818168606294983,0.9167785257199282,1.4517401908103582,2.1650224109309315,0.0,0.2484472049689441,0.3105590062111801
elsa,False,5,cognition,z_wave,z_wave,10274,0,9660,5.976250729998053,3.530647134211678e-17,0.9999999999999984,-1.8071616084114923,-5.8840905507398,-1.6389169881392747,-0.38755237836444556,0.16683449419003754,0.6895677971052973,1.2123011000205568,1.9092788372409029,0.0,0.2484472049689441,0.3105590062111801
elsa,False,5,function,source_metric,fixed_reference_item_z_mean,10274,0,10266,0.07786645902277595,0.01832816782998094,1.0285356951475868,3.338867156725651,-0.41230386418079346,-0.41230386418079346,-0.41230386418079346,-0.41230386418079346,0.09371527878209163,2.148577401011515,6.237777945218442,0.0,73.52425482174168,0.4285992596921878
elsa,False,5,function,z_fixed,z_fixed,10274,0,10266,0.07786645902277595,0.02012741293602864,1.1295052974044226,3.3388671567256516,-0.45277903424216653,-0.45277903424216653,-0.45277903424216653,-0.45277903424216653,0.1029151485276511,2.3594995951771045,6.850130011429224,0.0,73.52425482174168,0.4285992596921878
elsa,False,5,function,z_wave,z_wave,10274,0,10266,0.07786645902277595,-1.1074112382779663e-17,1.0000000000000007,3.3388671567256507,-0.41868457657075514,-0.41868457657075514,-0.41868457657075514,-0.41868457657075514,0.07329557088564953,2.0711475967548814,6.046897357797604,0.0,73.52425482174168,0.4285992596921878
elsa,False,6,cognition,source_metric,fixed_reference_item_z_mean,10601,0,9904,6.574851429110461,0.2171272270825699,0.803862076364388,-2.018247974683929,-4.536480601449531,-1.1162779149159263,-0.11555460582496985,0.30247815343576445,0.7205109126964988,1.138543671957233,1.6959206843048789,0.0,0.26252019386106623,0.3331987075928917
elsa,False,6,cognition,z_fixed,z_fixed,10601,0,9904,6.574851429110461,0.27259223010135114,1.0287121890529225,-2.018247974683928,-5.810658191792794,-1.4337827350212895,-0.1531448044609316,0.3818168606294983,0.9167785257199282,1.4517401908103582,2.1650224109309315,0.0,0.26252019386106623,0.3331987075928917
elsa,False,6,cognition,z_wave,z_wave,10601,0,9904,6.574851429110461,0.0,1.0000000000000002,-2.0182479746839292,-5.913461983467558,-1.6587486600052876,-0.41385436966022054,0.1061760827668468,0.6262065351939142,1.1462369876209815,1.8396109241904048,0.0,0.26252019386106623,0.3331987075928917
elsa,False,6,function,source_metric,fixed_reference_item_z_mean,10601,0,10596,0.047165361758324684,0.011015505065460332,1.040585950976215,3.399955214576943,-0.41230386418079346,-0.41230386418079346,-0.41230386418079346,-0.41230386418079346,0.09371527878209163,2.148577401011515,6.237777945218442,0.0,74.53756134390336,0.4530011325028313
elsa,False,6,function,z_fixed,z_fixed,10601,0,10596,0.047165361758324684,0.012096878488244686,1.1427385063807636,3.399955214576942,-0.45277903424216653,-0.45277903424216653,-0.45277903424216653,-0.45277903424216653,0.1029151485276511,2.3594995951771045,6.850130011429224,0.0,74.53756134390336,0.4530011325028313
elsa,False,6,function,z_wave,z_wave,10601,0,10596,0.047165361758324684,1.0729222133032845e-17,1.0000000000000029,3.399955214576942,-0.4068086531911393,-0.4068086531911393,-0.4068086531911393,-0.4068086531911393,0.07947423625991455,2.054190616297221,5.983900161549775,0.0,74.53756134390336,0.4530011325028313
elsa,False,7,cognition,source_metric,fixed_reference_item_z_mean,9666,0,8911,7.810883509207532,0.20533523885133145,0.7867745103077464,-1.868339985022056,-4.536480601449531,-1.1162779149159263,-0.11555460582496985,0.30247815343576445,0.7205109126964988,1.138543671957233,1.6959206843048789,0.0,0.15710919088766695,0.41521714734597687
elsa,False,7,cognition,z_fixed,z_fixed,9666,0,8911,7.810883509207532,0.25750187768479443,1.0068450205416093,-1.8683399850220554,-5.810658191792794,-1.4337827350212895,-0.1531448044609316,0.3818168606294983,0.9167785257199282,1.4517401908103582,2.1650224109309315,0.0,0.15710919088766695,0.41521714734597687
elsa,False,7,cognition,z_wave,z_wave,9666,0,8911,7.810883509207532,5.103213454005882e-17,0.9999999999999973,-1.8683399850220548,-6.026905775640967,-1.679786440018635,-0.4078549069297944,0.12346982942601349,0.6547945657818215,1.1861193021376293,1.8945522839453732,0.0,0.15710919088766695,0.41521714734597687
elsa,False,7,function,source_metric,fixed_reference_item_z_mean,9666,0,9664,0.02069108214359611,0.0030775149428226,1.039890152107316,3.3687724235153187,-0.41230386418079346,-0.41230386418079346,-0.41230386418079346,-0.41230386418079346,-0.41230386418079346,2.148577401011515,6.237777945218442,0.0,75.83816225165563,0.4346026490066225
elsa,False,7,function,z_fixed,z_fixed,9666,0,9664,0.02069108214359611,0.003379629357696294,1.1419744021186973,3.368772423515319,-0.45277903424216653,-0.45277903424216653,-0.45277903424216653,-0.45277903424216653,-0.45277903424216653,2.3594995951771045,6.850130011429224,0.0,75.83816225165563,0.4346026490066225
elsa,False,7,function,z_wave,z_wave,9666,0,9664,0.02069108214359611,2.352790515761921e-17,1.000000000000001,3.3687724235153187,-0.3994473630525826,-0.3994473630525826,-0.3994473630525826,-0.3994473630525826,-0.3994473630525826,2.063198580850952,5.995537526383083,0.0,75.83816225165563,0.4346026490066225
elsa,False,8,cognition,source_metric,fixed_reference_item_z_mean,8445,0,7846,7.09295441089402,0.20285006696831173,0.819377754977329,-1.914508268925417,-4.536480601449531,-1.2556221680028379,-0.11555460582496985,0.30247815343576445,0.7205109126964988,1.138543671957233,1.6959206843048789,0.0,0.16568952332398676,0.49706856997196025
elsa,False,8,cognition,z_fixed,z_fixed,8445,0,7846,7.09295441089402,0.2543215726509802,1.048567793863573,-1.9145082689254163,-5.810658191792794,-1.612103290051433,-0.1531448044609316,0.3818168606294983,0.9167785257199282,1.4517401908103582,2.1650224109309315,0.0,0.16568952332398676,0.49706856997196025
elsa,False,8,cognition,z_wave,z_wave,8445,0,7846,7.09295441089402,-2.897956607739384e-17,0.9999999999999987,-1.914508268925417,-5.7840606968259305,-1.7799753851158693,-0.3885932597744137,0.12158993316850437,0.6317731261114226,1.1419563190543405,1.8222005763115647,0.0,0.16568952332398676,0.49706856997196025
elsa,False,8,function,source_metric,fixed_reference_item_z_mean,8445,0,8443,0.023682652457075192,0.02318860185811588,1.0569161857366671,3.3036057181660285,-0.41230386418079346,-0.41230386418079346,-0.41230386418079346,-0.41230386418079346,0.09371527878209163,2.1691011012634376,6.237777945218442,0.0,74.23901456828142,0.45007698685301434
elsa,False,8,function,z_fixed,z_fixed,8445,0,8443,0.023682652457075192,0.025464987517409957,1.1606718525512545,3.3036057181660294,-0.45277903424216653,-0.45277903424216653,-0.45277903424216653,-0.45277903424216653,0.1029151485276511,2.382038072223893,6.850130011429224,0.0,74.23901456828142,0.45007698685301434
elsa,False,8,function,z_wave,z_wave,8445,0,8443,0.023682652457075192,-6.7326091271832306e-18,0.9999999999999967,3.30360571816603,-0.41204068204837935,-0.41204068204837935,-0.41204068204837935,-0.41204068204837935,0.06672873201844165,2.0303525751283873,5.879926362400021,0.0,74.23901456828142,0.45007698685301434
elsa,False,9,cognition,source_metric,fixed_reference_item_z_mean,8736,0,8059,7.749542124542125,0.22773275785452785,0.7740749278562921,-1.9044147479356077,-4.536480601449531,-1.1162779149159263,-0.11555460582496985,0.30247815343576445,0.7205109126964988,1.138543671957233,1.6959206843048789,0.0,0.12408487405385284,0.49633949621541135
elsa,False,9,cognition,z_fixed,z_fixed,8736,0,8059,7.749542124542125,0.2861642583102594,0.9905932086352945,-1.9044147479356073,-5.810658191792794,-1.4337827350212895,-0.1531448044609316,0.3818168606294983,0.9167785257199282,1.4517401908103582,2.1650224109309315,0.0,0.12408487405385284,0.49633949621541135
elsa,False,9,cognition,z_wave,z_wave,8736,0,8059,7.749542124542125,1.410681694026753e-17,1.0000000000000009,-1.9044147479356075,-6.154718603918592,-1.7362798153048726,-0.4434807940753117,0.09656093084972417,0.6366026557747602,1.176644380699796,1.896700013933177,0.0,0.12408487405385284,0.49633949621541135
elsa,False,9,function,source_metric,fixed_reference_item_z_mean,8736,0,8731,0.05723443223443224,0.030390015128954687,1.0980864148347573,3.2389942691797877,-0.41230386418079346,-0.41230386418079346,-0.41230386418079346,-0.41230386418079346,-0.41230386418079346,2.4067178975559385,6.237777945218442,0.0,76.06230672317031,0.46959111212919485
elsa,False,9,function,z_fixed,z_fixed,8736,0,8731,0.05723443223443224,0.033373351297671154,1.2058836931135541,3.2389942691797886,-0.45277903424216653,-0.45277903424216653,-0.45277903424216653,-0.45277903424216653,-0.45277903424216653,2.6429813058237106,6.850130011429224,0.0,76.06230672317031,0.46959111212919485
elsa,False,9,function,z_wave,z_wave,8736,0,8731,0.05723443223443224,-3.906316723913046e-17,0.9999999999999996,3.238994269179789,-0.4031503106942323,-0.4031503106942323,-0.4031503106942323,-0.4031503106942323,-0.4031503106942323,2.164062727963517,5.652913874745995,0.0,76.06230672317031,0.46959111212919485
hrs,True,10,cognition,source_metric,validated_total_score,22034,0,20652,6.272124897885087,14.914100329265931,4.427976253900277,-0.365429074174258,0.0,7.0,12.0,15.0,18.0,22.0,27.0,0.09684292078249081,0.09684292078249081,0.11621150493898895
hrs,True,10,cognition,z_fixed,z_fixed,22034,0,20652,6.272124897885087,-0.07148611013197312,0.9312812812736206,-0.36542907417425763,-3.20818370453486,-1.7359605951238128,-0.6843726598302079,-0.053419898654045006,0.5775328625221179,1.4188032107570019,2.4703911460506065,0.0,0.09684292078249081,0.11621150493898895
hrs,True,10,cognition,z_wave,z_wave,22034,0,20652,6.272124897885087,-1.4312695045332252e-16,1.0000000000000002,-0.3654290741742575,-3.36815273481406,-1.787295115301259,-0.6581111013635442,0.019399306999084747,0.6969097153617136,1.6002569265118856,2.7294409404496007,0.0,0.09684292078249081,0.11621150493898895
hrs,True,10,function,source_metric,fixed_reference_item_z_mean,22034,0,20521,6.866660615412544,0.023333905424966484,0.9365267547801888,3.137657232759784,-0.35582960128647795,-0.35582960128647795,-0.35582960128647795,-0.35582960128647795,-0.35582960128647795,2.3202320249707764,4.7598603620345745,0.0,75.77116124945178,0.8089274401832269
hrs,True,10,function,z_fixed,z_fixed,22034,0,20521,6.866660615412544,0.038775291215631794,1.0212030736880584,3.1376572327597825,-0.37467038613178133,-0.37467038613178133,-0.37467038613178133,-0.37467038613178133,-0.37467038613178133,2.5433480732062925,5.203556063794645,0.0,75.77116124945178,0.8089274401832269
hrs,True,10,function,z_wave,z_wave,22034,0,20521,6.866660615412544,-2.7700121271286982e-17,1.0,3.1376572327597834,-0.4048613718466992,-0.4048613718466992,-0.4048613718466992,-0.4048613718466992,-0.4048613718466992,2.4525707437850106,5.05754526758962,0.0,75.77116124945178,0.8089274401832269
hrs,True,11,cognition,source_metric,validated_total_score,20554,0,19407,5.580422302228277,14.801205750502396,4.504037899948882,-0.35619957695100557,0.0,7.0,12.0,15.0,18.0,22.0,27.0,0.12366671819446591,0.12366671819446591,0.1185139382696965
hrs,True,11,cognition,z_fixed,z_fixed,20554,0,19407,5.580422302228277,-0.09522982552953045,0.9472783831382778,-0.3561995769510058,-3.20818370453486,-1.7359605951238128,-0.6843726598302079,-0.053419898654045006,0.5775328625221179,1.4188032107570019,2.4703911460506065,0.0,0.12366671819446591,0.1185139382696965
hrs,True,11,cognition,z_wave,z_wave,20554,0,19407,5.580422302228277,7.029639061469533e-17,0.9999999999999984,-0.3561995769510057,-3.2862080824564903,-1.7320470928077498,-0.6219321002015066,0.044136895362239324,0.7102058909259852,1.5982978850109797,2.708412877617223,0.0,0.12366671819446591,0.1185139382696965
hrs,True,11,function,source_metric,fixed_reference_item_z_mean,20554,0,19358,5.818818721416756,0.022491042097790598,0.9505408639009507,3.17204374291733,-0.35582960128647795,-0.35582960128647795,-0.35582960128647795,-0.35582960128647795,-0.35582960128647795,2.254049820176223,4.7598603620345745,0.0,76.30437028618658,0.9401797706374625
hrs,True,11,function,z_fixed,z_fixed,20554,0,19358,5.818818721416756,0.03785622017359521,1.036484272261484,3.1720437429173294,-0.37467038613178133,-0.37467038613178133,-0.37467038613178133,-0.37467038613178133,-0.37467038613178133,2.4711819865305165,5.203556063794645,0.0,76.30437028618658,0.9401797706374625
hrs,True,11,function,z_wave,z_wave,20554,0,19358,5.818818721416756,1.1745721430066746e-17,1.0000000000000009,3.17204374291733,-0.39800565946388505,-0.39800565946388505,-0.39800565946388505,-0.39800565946388505,-0.39800565946388505,2.3476726386283695,4.983867080153681,0.0,76.30437028618658,0.9401797706374625
hrs,True,12,cognition,source_metric,validated_total_score,18747,0,17698,5.595561956579719,14.919482427392925,4.611849573992673,-0.34238835493782227,0.0,7.0,12.0,15.0,18.0,22.0,27.0,0.14690925528308285,0.14690925528308285,0.20341281500734545
hrs,True,12,cognition,z_fixed,z_fixed,18747,0,17698,5.595561956579719,-0.07035416024059024,0.9699530742799294,-0.34238835493782305,-3.20818370453486,-1.7359605951238128,-0.6843726598302079,-0.053419898654045006,0.5775328625221179,1.4188032107570019,2.4703911460506065,0.0,0.14690925528308285,0.20341281500734545
hrs,True,12,cognition,z_wave,z_wave,18747,0,17698,5.595561956579719,1.509572090890483e-16,0.9999999999999991,-0.34238835493782305,-3.2350323201189077,-1.7172031091501296,-0.6330393870295737,0.017458846242759715,0.6679570795150932,1.5352880572115377,2.6194517793320937,0.0,0.14690925528308285,0.20341281500734545
hrs,True,12,function,source_metric,fixed_reference_item_z_mean,18747,0,17694,5.616898703792607,0.047746222048393086,0.9692771396023957,3.03812697013009,-0.35582960128647795,-0.35582960128647795,-0.35582960128647795,-0.35582960128647795,0.07915030229063871,2.3864142297653297,4.7598603620345745,0.0,74.43766248445802,0.9607776647451114
hrs,True,12,function,z_fixed,z_fixed,18747,0,17694,5.616898703792607,0.06539485402517546,1.0569145933795105,3.0381269701300897,-0.37467038613178133,-0.37467038613178133,-0.37467038613178133,-0.37467038613178133,0.09963834264526807,2.615514159882068,5.203556063794645,0.0,74.43766248445802,0.9607776647451114
hrs,True,12,function,z_wave,z_wave,18747,0,17694,5.616898703792607,1.92754896103113e-17,1.000000000000001,3.0381269701300893,-0.41636783417838696,-0.41636783417838696,-0.41636783417838696,-0.41636783417838696,0.032399485099924914,2.4127960024686828,4.861472480326039,0.0,74.43766248445802,0.9607776647451114
hrs,True,13,cognition,source_metric,validated_total_score,20912,0,19971,4.499808722264728,14.971809123228681,4.492028930526597,-0.3551863554005719,0.0,7.0,12.0,15.0,18.0,22.0,27.0,0.10515247108307045,0.10515247108307045,0.11015973161083571
hrs,True,13,cognition,z_fixed,z_fixed,20912,0,19971,4.499808722264728,-0.05934893583365847,0.9447526856663208,-0.3551863554005721,-3.20818370453486,-1.7359605951238128,-0.6843726598302079,-0.053419898654045006,0.5775328625221179,1.4188032107570019,2.4703911460506065,0.0,0.10515247108307045,0.11015973161083571
hrs,True,13,cognition,z_wave,z_wave,20912,0,19971,4.499808722264728,1.2523711531097855e-16,1.0000000000000016,-0.3551863554005723,-3.332972550885502,-1.7746566744159784,-0.6615739055091756,0.006275755834906053,0.6741254171789877,1.5645916323044298,2.677674401211233,0.0,0.10515247108307045,0.11015973161083571
hrs,True,13,function,source_metric,fixed_reference_item_z_mean,20912,0,19853,5.064078041315991,0.01359136277391075,0.9191310559666019,3.183722721182511,-0.35582960128647795,-0.35582960128647795,-0.35582960128647795,-0.35582960128647795,-0.35582960128647795,2.149980940571873,4.7598603620345745,0.0,75.92807132423312,0.7202941620913715
hrs,True,13,function,z_fixed,z_fixed,20912,0,19853,5.064078041315991,0.02815187394536889,1.0022345380784632,3.183722721182512,-0.37467038613178133,-0.37467038613178133,-0.37467038613178133,-0.37467038613178133,-0.37467038613178133,2.3577036911323472,5.203556063794645,0.0,75.92807132423312,0.7202941620913715
hrs,True,13,function,z_wave,z_wave,20912,0,19853,5.064078041315991,1.145286231014114e-17,1.0000000000000038,3.1837227211825128,-0.40192414526989245,-0.40192414526989245,-0.40192414526989245,-0.40192414526989245,-0.40192414526989245,2.324357950837862,5.163865336123672,0.0,75.92807132423312,0.7202941620913715
hrs,True,14,cognition,source_metric,validated_total_score,17146,0,16483,3.866791088300478,15.394588363768731,4.553418978660096,-0.37311533787121104,0.0,7.0,13.0,16.0,19.0,22.0,27.0,0.1092034217072135,0.1092034217072135,0.15167141903779652
hrs,True,14,cognition,z_fixed,z_fixed,17146,0,16483,3.866791088300478,0.02956897389524341,0.9576640924591769,-0.37311533787121104,-3.20818370453486,-1.7359605951238128,-0.47405507277148695,0.15689768840467597,0.7878504495808388,1.4188032107570019,2.4703911460506065,0.0,0.1092034217072135,0.15167141903779652
hrs,True,14,cognition,z_wave,z_wave,17146,0,16483,3.866791088300478,4.828052320884015e-17,0.9999999999999984,-0.3731153378712111,-3.380885535883362,-1.8435791661409857,-0.525887992076092,0.13295759495635479,0.7918031819888016,1.4506487690212484,2.54872474740866,0.0,0.1092034217072135,0.15167141903779652
hrs,True,14,function,source_metric,fixed_reference_item_z_mean,17146,0,16323,4.799953341887321,0.003970281819194611,0.8884027489126727,3.198901024103152,-0.35582960128647795,-0.35582960128647795,-0.35582960128647795,-0.35582960128647795,-0.35582960128647795,2.017616530982766,4.7598603620345745,0.0,75.83164859400846,0.6248851314096674
hrs,True,14,function,z_fixed,z_fixed,17146,0,16323,4.799953341887321,0.017660900363451533,0.9687279228616155,3.198901024103152,-0.37467038613178133,-0.37467038613178133,-0.37467038613178133,-0.37467038613178133,-0.37467038613178133,2.2133715177807947,5.203556063794645,0.0,75.83164859400846,0.6248851314096674
hrs,True,14,function,z_wave,z_wave,17146,0,16323,4.799953341887321,6.964824953845251e-18,0.9999999999999967,3.1989010241031517,-0.40499636403200573,-0.40499636403200573,-0.40499636403200573,-0.40499636403200573,-0.40499636403200573,2.2665916462191182,5.3533041022623555,0.0,75.83164859400846,0.6248851314096674
hrs,True,15,cognition,source_metric,validated_total_score,15723,0,15002,4.585638872988616,15.492934275429942,4.708216815508916,-0.325223794028951,0.0,7.0,12.0,16.0,19.0,23.0,27.0,0.07332355685908545,0.07332355685908545,0.21997067057725636
hrs,True,15,cognition,z_fixed,z_fixed,15723,0,15002,4.585638872988616,0.050252848732919506,0.9902207999871304,-0.3252237940289513,-3.20818370453486,-1.7359605951238128,-0.6843726598302079,0.15689768840467597,0.7878504495808388,1.6291207978157227,2.4703911460506065,0.0,0.07332355685908545,0.21997067057725636
hrs,True,15,cognition,z_wave,z_wave,15723,0,15002,4.585638872988616,1.1367168149741639e-16,1.0000000000000007,-0.3252237940289514,-3.2906161467322543,-1.8038536898840627,-0.7418805064210684,0.10769804034932687,0.7448819504271234,1.5944604971975187,2.444039043967914,0.0,0.07332355685908545,0.21997067057725636
hrs,True,15,function,source_metric,fixed_reference_item_z_mean,15723,0,14941,4.973605546015392,-0.01565116192190074,0.8678888180694975,3.325521190554895,-0.35582960128647795,-0.35582960128647795,-0.35582960128647795,-0.35582960128647795,-0.35582960128647795,1.9514343261882128,4.7598603620345745,0.0,76.86901813800951,0.5421323873904023
hrs,True,15,function,z_fixed,z_fixed,15723,0,14941,4.973605546015392,-0.0037346215010646087,0.946359219433178,3.3255211905548965,-0.37467038613178133,-0.37467038613178133,-0.37467038613178133,-0.37467038613178133,-0.37467038613178133,2.1412054311050186,5.203556063794645,0.0,76.86901813800951,0.5421323873904023
hrs,True,15,function,z_wave,z_wave,15723,0,14941,4.973605546015392,1.9022628626199054e-17,1.0000000000000024,3.3255211905548947,-0.3919608506090209,-0.3919608506090209,-0.3919608506090209,-0.3919608506090209,-0.3919608506090209,2.2665178386393277,5.50244619417839,0.0,76.86901813800951,0.5421323873904023
hrs,True,5,cognition,source_metric,validated_total_score,19578,0,17516,10.532230054142405,15.253996346197763,4.754714115851845,-0.34890748381623626,0.0,7.0,12.0,16.0,19.0,23.0,27.0,0.15414478191367892,0.15414478191367892,0.3825074217857959
hrs,True,5,cognition,z_fixed,z_fixed,19578,0,17516,10.532230054142405,-1.557709582849272e-16,1.0,-0.34890748381623565,-3.20818370453486,-1.7359605951238128,-0.6843726598302079,0.15689768840467597,0.7878504495808388,1.6291207978157227,2.4703911460506065,0.0,0.15414478191367892,0.3825074217857959
hrs,True,5,cognition,z_wave,z_wave,19578,0,17516,10.532230054142405,-1.6875187147533779e-16,0.9999999999999969,-0.34890748381623565,-3.2081837045348496,-1.7359605951238073,-0.6843726598302058,0.15689768840467547,0.7878504495808364,1.6291207978157176,2.470391146050599,0.0,0.15414478191367892,0.3825074217857959
hrs,True,5,function,source_metric,fixed_reference_item_z_mean,19578,0,17564,10.287056900602717,-0.01222620850681461,0.9170818017595046,3.3814631849064383,-0.35582960128647795,-0.35582960128647795,-0.35582960128647795,-0.35582960128647795,-0.35582960128647795,2.017616530982766,4.7598603620345745,0.0,78.398997950353,0.8824869050330222
hrs,True,5,function,z_fixed,z_fixed,19578,0,17564,10.287056900602717,0.0,1.0,3.3814631849064383,-0.37467038613178133,-0.37467038613178133,-0.37467038613178133,-0.37467038613178133,-0.37467038613178133,2.2133715177807947,5.203556063794645,0.0,78.398997950353,0.8824869050330222
hrs,True,5,function,z_wave,z_wave,19578,0,17564,10.287056900602717,-1.2945438137282627e-17,1.000000000000002,3.3814631849064383,-0.37467038613178205,-0.37467038613178205,-0.37467038613178205,-0.37467038613178205,-0.37467038613178205,2.213371517780799,5.203556063794656,0.0,78.398997950353,0.8824869050330222
hrs,True,6,cognition,source_metric,validated_total_score,18165,0,16129,11.208367740159646,15.375658751317502,4.64098537645773,-0.33959885058861156,0.0,7.0,12.0,16.0,19.0,22.0,27.0,0.10540021080042161,0.10540021080042161,0.27280054560109124
hrs,True,6,cognition,z_fixed,z_fixed,18165,0,16129,11.208367740159646,0.02558774348054426,0.9760808459513995,-0.3395988505886117,-3.20818370453486,-1.7359605951238128,-0.6843726598302079,0.15689768840467597,0.7878504495808388,1.4188032107570019,2.4703911460506065,0.0,0.10540021080042161,0.27280054560109124
hrs,True,6,cognition,z_wave,z_wave,18165,0,16129,11.208367740159646,1.4097196071872532e-16,0.9999999999999989,-0.3395988505886118,-3.3130159877928946,-1.8047156092765548,-0.7273581960505977,0.134527734530168,0.7809421824657423,1.4273566304013166,2.5047140436272737,0.0,0.10540021080042161,0.27280054560109124
hrs,True,6,function,source_metric,fixed_reference_item_z_mean,18165,0,16345,10.01926782273603,0.003786071806887813,0.9412658603474608,3.3125777798951304,-0.35582960128647795,-0.35582960128647795,-0.35582960128647795,-0.35582960128647795,-0.35582960128647795,2.149980940571873,4.7598603620345745,0.0,77.59559498317529,0.9972468644845519
hrs,True,6,function,z_fixed,z_fixed,18165,0,16345,10.01926782273603,0.01746003495324127,1.0263706667622854,3.312577779895129,-0.37467038613178133,-0.37467038613178133,-0.37467038613178133,-0.37467038613178133,-0.37467038613178133,2.3577036911323472,5.203556063794645,0.0,77.59559498317529,0.9972468644845519
hrs,True,6,function,z_wave,z_wave,18165,0,16345,10.01926782273603,5.564360365695492e-17,1.0000000000000016,3.3125777798951295,-0.3820553663346688,-0.3820553663346688,-0.3820553663346688,-0.3820553663346688,-0.3820553663346688,2.2801154904021885,5.052849030848764,0.0,77.59559498317529,0.9972468644845519
hrs,True,7,cognition,source_metric,validated_total_score,20129,0,18327,8.952257936310795,15.201669667703388,4.47729809571828,-0.4316096986870532,0.0,7.0,12.0,16.0,18.0,22.0,27.0,0.1473236208872156,0.1473236208872156,0.19097506411305726
hrs,True,7,cognition,z_fixed,z_fixed,20129,0,18327,8.952257936310795,-0.011005220759734292,0.9416545320340748,-0.4316096986870533,-3.20818370453486,-1.7359605951238128,-0.6843726598302079,0.15689768840467597,0.5775328625221179,1.4188032107570019,2.4703911460506065,0.0,0.1473236208872156,0.19097506411305726
hrs,True,7,cognition,z_wave,z_wave,20129,0,18327,8.952257936310795,-1.2406486355826489e-17,1.0000000000000033,-0.4316096986870532,-3.3952775407652815,-1.8318346226593265,-0.7150896811550728,0.1783062720483302,0.6250042486500317,1.5184002018534346,2.6351451433576885,0.0,0.1473236208872156,0.19097506411305726
hrs,True,7,function,source_metric,fixed_reference_item_z_mean,20129,0,18081,10.174375279447563,-0.03121372182828506,0.8830241634512193,3.5244922899301185,-0.35582960128647795,-0.35582960128647795,-0.35582960128647795,-0.35582960128647795,-0.35582960128647795,1.9514343261882128,4.7598603620345745,0.0,78.83966594767988,0.8517228029423152
hrs,True,7,function,z_fixed,z_fixed,20129,0,18081,10.174375279447563,-0.020704274455169855,0.962863031146248,3.524492289930119,-0.37467038613178133,-0.37467038613178133,-0.37467038613178133,-0.37467038613178133,-0.37467038613178133,2.1412054311050186,5.203556063794645,0.0,78.83966594767988,0.8517228029423152
hrs,True,7,function,z_wave,z_wave,20129,0,18081,10.174375279447563,0.0,0.9999999999999992,3.52449228993012,-0.3676183426164253,-0.3676183426164253,-0.3676183426164253,-0.3676183426164253,-0.3676183426164253,2.245293084922498,5.425756487950886,0.0,78.83966594767988,0.8517228029423152
hrs,True,8,cognition,source_metric,validated_total_score,18469,0,17209,6.822242676918079,15.112324946249055,4.6622306314308455,-0.428271845840655,0.0,7.0,12.0,16.0,18.0,22.0,27.0,0.2208146899877971,0.2208146899877971,0.2208146899877971
hrs,True,8,cognition,z_fixed,z_fixed,18469,0,17209,6.822242676918079,-0.029795986992443076,0.9805490967137924,-0.4282718458406554,-3.20818370453486,-1.7359605951238128,-0.6843726598302079,0.15689768840467597,0.5775328625221179,1.4188032107570019,2.4703911460506065,0.0,0.2208146899877971,0.2208146899877971
hrs,True,8,cognition,z_wave,z_wave,18469,0,17209,6.822242676918079,1.5854983469805246e-16,1.0000000000000027,-0.4282718458406553,-3.2414365871066106,-1.740009361947715,-0.6675613439770754,0.19039707039943637,0.6193762775876922,1.477334691964204,2.549782709934844,0.0,0.2208146899877971,0.2208146899877971
hrs,True,8,function,source_metric,fixed_reference_item_z_mean,18469,0,16726,9.437435703070008,0.007550424811999095,0.9368795700086496,3.3079704353112325,-0.35582960128647795,-0.35582960128647795,-0.35582960128647795,-0.35582960128647795,-0.35582960128647795,2.0837987357773193,4.7598603620345745,0.0,76.82649766830085,1.0104029654430229
hrs,True,8,function,z_fixed,z_fixed,18469,0,16726,9.437435703070008,0.021564742949724245,1.021587788800477,3.307970435311231,-0.37467038613178133,-0.37467038613178133,-0.37467038613178133,-0.37467038613178133,-0.37467038613178133,2.2855376044565707,5.203556063794645,0.0,76.82649766830085,1.0104029654430229
hrs,True,8,function,z_wave,z_wave,18469,0,16726,9.437435703070008,-2.7188051589529124e-17,1.0000000000000027,3.3079704353112316,-0.3878620451667264,-0.3878620451667264,-0.3878620451667264,-0.3878620451667264,-0.3878620451667264,2.2161314830956953,5.072487531325626,0.0,76.82649766830085,1.0104029654430229
hrs,True,9,cognition,source_metric,validated_total_score,17217,0,16077,6.62136260672591,15.043727063506873,4.597701237896026,-0.41559666209663226,0.0,7.0,12.0,15.0,18.0,22.0,27.0,0.21148224171176214,0.21148224171176214,0.12440131865397773
hrs,True,9,cognition,z_fixed,z_fixed,17217,0,16077,6.62136260672591,-0.04422332816811599,0.9669774303711867,-0.41559666209663254,-3.20818370453486,-1.7359605951238128,-0.6843726598302079,-0.053419898654045006,0.5775328625221179,1.4188032107570019,2.4703911460506065,0.0,0.21148224171176214,0.12440131865397773
hrs,True,9,cognition,z_wave,z_wave,17217,0,16077,6.62136260672591,-1.414279252616981e-17,0.9999999999999954,-0.41559666209663226,-3.272010573351441,-1.7495106026479794,-0.6620106235740782,-0.009510636129737543,0.6429893513146031,1.512989334573724,2.6004893136476253,0.0,0.21148224171176214,0.12440131865397773
hrs,True,9,function,source_metric,fixed_reference_item_z_mean,17217,0,15630,9.217633734100017,0.009300472627311759,0.9424127637194718,3.287889791716501,-0.35582960128647795,-0.35582960128647795,-0.35582960128647795,-0.35582960128647795,-0.35582960128647795,2.0837987357773193,4.7598603620345745,0.0,76.85860524632118,0.9596928982725527
hrs,True,9,function,z_fixed,z_fixed,17217,0,15630,9.217633734100017,0.023473021809859804,1.0276212677117436,3.2878897917165006,-0.37467038613178133,-0.37467038613178133,-0.37467038613178133,-0.37467038613178133,-0.37467038613178133,2.2855376044565707,5.203556063794645,0.0,76.85860524632118,0.9596928982725527
hrs,True,9,function,z_wave,z_wave,17217,0,15630,9.217633734100017,0.0,1.000000000000004,3.2878897917165006,-0.3874417749529541,-0.3874417749529541,-0.3874417749529541,-0.3874417749529541,-0.3874417749529541,2.201262910492087,5.040848418327854,0.0,76.85860524632118,0.9596928982725527
hrs,True,death,cognition,source_metric,source_metric,0,13225,0,,,,,,,,,,,,,,
hrs,True,death,cognition,z_fixed,z_fixed,0,13225,0,,,,,,,,,,,,,,
hrs,True,death,cognition,z_wave,z_wave,0,13225,0,,,,,,,,,,,,,,
hrs,True,death,function,source_metric,source_metric,0,13225,0,,,,,,,,,,,,,,
hrs,True,death,function,z_fixed,z_fixed,0,13225,0,,,,,,,,,,,,,,
hrs,True,death,function,z_wave,z_wave,0,13225,0,,,,,,,,,,,,,,
klosa,True,3,cognition,source_metric,validated_total_score,7920,0,7488,5.454545454545454,24.877804487179485,5.62319310255257,-1.6063204650667195,0.0,13.0,23.0,27.0,29.0,30.0,30.0,0.33386752136752135,0.33386752136752135,20.3392094017094
klosa,True,3,cognition,z_fixed,z_fixed,7920,0,7488,5.454545454545454,3.0744637605004334e-16,1.0,-1.6063204650667207,-4.424141948084008,-2.1122882089515516,-0.3339391788496615,0.3774004331910945,0.7330702392114725,0.9109051422216615,0.9109051422216615,0.0,0.33386752136752135,20.3392094017094
klosa,True,3,cognition,z_wave,z_wave,7920,0,7488,5.454545454545454,3.150376445944889e-16,0.9999999999999996,-1.6063204650667209,-4.424141948084007,-2.1122882089515507,-0.3339391788496614,0.3774004331910944,0.7330702392114723,0.9109051422216612,0.9109051422216612,0.0,0.33386752136752135,20.3392094017094
klosa,True,3,function,source_metric,fixed_reference_item_z_mean,7920,0,7920,0.0,-3.140024716111554e-18,0.9537771466118861,4.668087165035929,-0.2497847364639259,-0.2497847364639259,-0.2497847364639259,-0.2497847364639259,-0.2497847364639259,1.239338208517865,5.381582875940287,0.0,86.90656565656566,1.9696969696969695
klosa,True,3,function,z_fixed,z_fixed,7920,0,7920,0.0,-9.061214180779056e-17,0.9999999999999999,4.668087165035931,-0.2618900414538545,-0.2618900414538545,-0.2618900414538545,-0.2618900414538545,-0.2618900414538545,1.2994001931377586,5.6423902533808326,0.0,86.90656565656566,1.9696969696969695
klosa,True,3,function,z_wave,z_wave,7920,0,7920,0.0,-2.556877268833694e-17,0.9999999999999987,4.668087165035931,-0.2618900414538542,-0.2618900414538542,-0.2618900414538542,-0.2618900414538542,-0.2618900414538542,1.299400193137757,5.642390253380826,0.0,86.90656565656566,1.9696969696969695
klosa,True,4,cognition,source_metric,validated_total_score,7486,0,7114,4.969275981832755,25.09080685971324,5.555154466402903,-1.678402385114894,0.0,13.0,23.0,27.0,29.0,30.0,30.0,0.32330615687377,0.32330615687377,21.338206353668824
klosa,True,4,cognition,z_fixed,z_fixed,7486,0,7114,4.969275981832755,0.03787925626048065,0.9879003557393786,-1.6784023851148941,-4.424141948084008,-2.1122882089515516,-0.3339391788496615,0.3774004331910945,0.7330702392114725,0.9109051422216615,0.9109051422216615,0.0,0.32330615687377,21.338206353668824
klosa,True,4,cognition,z_wave,z_wave,7486,0,7114,4.969275981832755,2.816601792020639e-16,0.9999999999999997,-1.6784023851148946,-4.516671320565481,-2.176502369616794,-0.3763724073485732,0.3436795775587152,0.7037055700123593,0.8837185662391814,0.8837185662391814,0.0,0.32330615687377,21.338206353668824
klosa,True,4,function,source_metric,fixed_reference_item_z_mean,7486,0,7485,0.01335826876836762,-0.004546520791668196,0.9398702669260837,4.709139871275382,-0.2497847364639259,-0.2497847364639259,-0.2497847364639259,-0.2497847364639259,-0.2497847364639259,1.239338208517865,5.381582875940287,0.0,87.65531062124249,1.8570474281897127
klosa,True,4,function,z_fixed,z_fixed,7486,0,7485,0.01335826876836762,-0.004766858597754134,0.9854191519106913,4.709139871275382,-0.2618900414538545,-0.2618900414538545,-0.2618900414538545,-0.2618900414538545,-0.2618900414538545,1.2994001931377586,5.6423902533808326,0.0,87.65531062124249,1.8570474281897127
klosa,True,4,function,z_wave,z_wave,7486,0,7485,0.01335826876836762,1.7087200058359122e-17,0.9999999999999998,4.70913987127538,-0.26092773045616985,-0.26092773045616985,-0.26092773045616985,-0.26092773045616985,-0.26092773045616985,1.3234642834034436,5.730715808627178,0.0,87.65531062124249,1.8570474281897127
klosa,True,5,cognition,source_metric,validated_total_score,7949,0,7551,5.006919109321927,25.22738710104622,5.576661114421408,-1.6402658616593202,0.0,14.0,23.0,27.0,29.0,30.0,30.0,0.3840550920407893,0.3840550920407893,24.579525890610515
klosa,True,5,cognition,z_fixed,z_fixed,7949,0,7551,5.006919109321927,0.06216799023103892,0.9917249884038237,-1.6402658616593213,-4.424141948084008,-1.9344533059413624,-0.3339391788496615,0.3774004331910945,0.7330702392114725,0.9109051422216615,0.9109051422216615,0.0,0.3840550920407893,24.579525890610515
klosa,True,5,cognition,z_wave,z_wave,7949,0,7551,5.006919109321927,4.893156172629481e-17,0.999999999999998,-1.640265861659321,-4.523743972142652,-2.0132812216277314,-0.39941231058242477,0.317862760993267,0.6765002967811129,0.8558190646750358,0.8558190646750358,0.0,0.3840550920407893,24.579525890610515
klosa,True,5,function,source_metric,fixed_reference_item_z_mean,7949,0,7949,0.0,-0.014305484651643328,0.9110892316049872,4.800682094472191,-0.2497847364639259,-0.2497847364639259,-0.2497847364639259,-0.2497847364639259,-0.2497847364639259,1.239338208517865,5.381582875940287,0.0,88.23751415272362,1.6731664360296894
klosa,True,5,function,z_fixed,z_fixed,7949,0,7949,0.0,-0.014998770627353535,0.9552433027373957,4.80068209447219,-0.2618900414538545,-0.2618900414538545,-0.2618900414538545,-0.2618900414538545,-0.2618900414538545,1.2994001931377586,5.6423902533808326,0.0,88.23751415272362,1.6731664360296894
klosa,True,5,function,z_wave,z_wave,7949,0,7949,0.0,-7.151015078727892e-18,0.9999999999999994,4.800682094472192,-0.25845904401422787,-0.25845904401422787,-0.25845904401422787,-0.25845904401422787,-0.25845904401422787,1.3759834379351317,5.922458715801588,0.0,88.23751415272362,1.6731664360296894
klosa,True,6,cognition,source_metric,validated_total_score,7490,0,7132,4.779706275033377,25.26948962422883,5.51930919016568,-1.6249716807351575,0.0,14.0,23.0,27.0,30.0,30.0,30.0,0.2944475602916433,0.2944475602916433,25.364554122265844
klosa,True,6,cognition,z_fixed,z_fixed,7490,0,7132,4.779706275033377,0.06965528835770239,0.9815258145163586,-1.6249716807351566,-4.424141948084008,-1.9344533059413624,-0.3339391788496615,0.3774004331910945,0.9109051422216615,0.9109051422216615,0.9109051422216615,0.0,0.2944475602916433,25.364554122265844
klosa,True,6,cognition,z_wave,z_wave,7490,0,7132,4.779706275033377,-1.5940386668762764e-16,0.9999999999999997,-1.6249716807351569,-4.578379060418297,-2.0418297355598107,-0.4111908838650697,0.31353749466592645,0.8570837785641735,0.8570837785641735,0.8570837785641735,0.0,0.2944475602916433,25.364554122265844
klosa,True,6,function,source_metric,fixed_reference_item_z_mean,7490,0,7489,0.01335113484646195,-0.0028908236411447695,0.9175550173120713,4.565334208199857,-0.2497847364639259,-0.2497847364639259,-0.2497847364639259,-0.2497847364639259,-0.2497847364639259,1.4875253660148302,5.381582875940287,0.0,87.38149285618908,1.455468019762318
klosa,True,6,function,z_fixed,z_fixed,7490,0,7489,0.01335113484646195,-0.003030921480362532,0.9620224394886301,4.5653342081998565,-0.2618900414538545,-0.2618900414538545,-0.2618900414538545,-0.2618900414538545,-0.2618900414538545,1.5596152322363608,5.6423902533808326,0.0,87.38149285618908,1.455468019762318
klosa,True,6,function,z_wave,z_wave,7490,0,7489,0.01335113484646195,2.4668328387985852e-17,0.9999999999999996,4.565334208199858,-0.2690780478167333,-0.2690780478167333,-0.2690780478167333,-0.2690780478167333,-0.2690780478167333,1.6243344121446466,5.868284296842449,0.0,87.38149285618908,1.455468019762318
klosa,True,7,cognition,source_metric,validated_total_score,6940,0,6554,5.561959654178674,24.976960634726883,5.835994450893761,-1.5937707653609514,0.0,13.0,22.0,27.0,29.0,30.0,30.0,0.366188587122368,0.366188587122368,24.91608178211779
klosa,True,7,cognition,z_fixed,z_fixed,6940,0,6554,5.561959654178674,0.017633423881955674,1.0378435071426932,-1.5937707653609519,-4.424141948084008,-2.1122882089515516,-0.5117740818598505,0.3774004331910945,0.7330702392114725,0.9109051422216615,0.9109051422216615,0.0,0.366188587122368,24.91608178211779
klosa,True,7,cognition,z_wave,z_wave,6940,0,6554,5.561959654178674,2.9488499256446025e-16,0.999999999999998,-1.5937707653609523,-4.279812265911546,-2.0522570292870363,-0.5101034039316069,0.34664861015474274,0.6893494157892827,0.8606998186065525,0.8606998186065525,0.0,0.366188587122368,24.91608178211779
klosa,True,7,function,source_metric,fixed_reference_item_z_mean,6940,0,6940,0.0,0.0003105510420020218,0.9602390503181286,4.573398937522467,-0.2497847364639259,-0.2497847364639259,-0.2497847364639259,-0.2497847364639259,-0.2497847364639259,1.4410790563686942,5.381582875940287,0.0,88.18443804034582,1.9164265129682996
klosa,True,7,function,z_fixed,z_fixed,6940,0,6940,0.0,0.0003256012613691994,1.0067750666171833,4.573398937522469,-0.2618900414538545,-0.2618900414538545,-0.2618900414538545,-0.2618900414538545,-0.2618900414538545,1.5109179974461084,5.6423902533808326,0.0,88.18443804034582,1.9164265129682996
klosa,True,7,function,z_wave,z_wave,6940,0,6940,0.0,4.607265577695174e-17,1.000000000000001,4.573398937522467,-0.2604510693697275,-0.2604510693697275,-0.2604510693697275,-0.2604510693697275,-0.2604510693697275,1.5004269039562232,5.60409652483459,0.0,88.18443804034582,1.9164265129682996
klosa,True,death,cognition,source_metric,source_metric,0,1676,0,,,,,,,,,,,,,,
klosa,True,death,cognition,z_fixed,z_fixed,0,1676,0,,,,,,,,,,,,,,
klosa,True,death,cognition,z_wave,z_wave,0,1676,0,,,,,,,,,,,,,,
klosa,True,death,function,source_metric,source_metric,0,1676,0,,,,,,,,,,,,,,
klosa,True,death,function,z_fixed,z_fixed,0,1676,0,,,,,,,,,,,,,,
klosa,True,death,function,z_wave,z_wave,0,1676,0,,,,,,,,,,,,,,
mhas,True,1,cognition,source_metric,fixed_reference_item_z_mean,15186,0,13962,8.060055314105096,2.0458256680673276e-16,0.8474847542821898,-0.1223889212509271,-2.4871163979190327,-1.444563078891346,-0.585611995147122,0.005875873137898738,0.6084263529829643,1.3932673627016665,2.1320206184971564,0.0,0.12892135797163728,0.014324595330181922
mhas,True,1,cognition,z_fixed,z_fixed,15186,0,13962,8.060055314105096,-9.160413439107437e-18,1.0,-0.12238892125092708,-2.934703409532827,-1.704529871000305,-0.6910000353258615,0.006933308367152082,0.7179201158589508,1.6440028633692039,2.51570380201465,0.0,0.12892135797163728,0.014324595330181922
mhas,True,1,cognition,z_wave,z_wave,15186,0,13962,8.060055314105096,-1.7303003162758492e-17,0.9999999999999989,-0.12238892125092703,-2.9347034095328235,-1.704529871000303,-0.6910000353258607,0.006933308367152071,0.7179201158589499,1.6440028633692019,2.515703802014647,0.0,0.12892135797163728,0.014324595330181922
mhas,True,1,function,source_metric,fixed_reference_item_z_mean,15186,0,12962,14.64506782562887,-0.006846637922582543,0.9103914453121471,4.857448569462844,-0.25755867016599854,-0.25755867016599854,-0.25755867016599854,-0.25755867016599854,-0.25755867016599854,1.4602663641532767,6.742223459056496,0.0,87.51735843234069,0.42431723499459956
mhas,True,1,function,z_fixed,z_fixed,15186,0,12962,14.64506782562887,4.38538951248326e-17,1.0,4.857448569462843,-0.27538926638030303,-0.27538926638030303,-0.27538926638030303,-0.27538926638030303,-0.27538926638030303,1.6115188797417008,7.413371612543016,0.0,87.51735843234069,0.42431723499459956
mhas,True,1,function,z_wave,z_wave,15186,0,12962,14.64506782562887,-3.5083116099866077e-17,0.9999999999999984,4.857448569462841,-0.2753892663803027,-0.2753892663803027,-0.2753892663803027,-0.2753892663803027,-0.2753892663803027,1.6115188797416982,7.413371612543004,0.0,87.51735843234069,0.42431723499459956
mhas,True,2,cognition,source_metric,fixed_reference_item_z_mean,13704,0,12495,8.822241681260946,-0.22728262000254756,0.8974476417189182,0.02818168513616557,-2.4871163979190327,-1.6806230603514525,-0.863067090612962,-0.2505247719829942,0.4034127018744417,1.304472768752029,2.1057917041870997,0.0,0.4641856742697079,0.01600640256102441
mhas,True,2,cognition,z_fixed,z_fixed,13704,0,12495,8.822241681260946,-0.26818490698992414,1.0589543200444311,0.028181685136165865,-2.934703409532827,-1.9830717329834704,-1.0183865683152855,-0.29560976845558257,0.47601175105046883,1.5392285963384706,2.4847546738120165,0.0,0.4641856742697079,0.01600640256102441
mhas,True,2,cognition,z_wave,z_wave,13704,0,12495,8.822241681260946,-2.729575935693062e-17,1.000000000000001,0.02818168513616559,-2.518067542735012,-1.6194152982175811,-0.7084362820238419,-0.02589805900646197,0.7027655905017406,1.7067908115739705,2.599677369167763,0.0,0.4641856742697079,0.01600640256102441
mhas,True,2,function,source_metric,fixed_reference_item_z_mean,13704,0,11752,14.244016345592527,-0.0038532991106496432,0.9025840995422751,4.751007479264485,-0.25755867016599854,-0.25755867016599854,-0.25755867016599854,-0.25755867016599854,-0.25755867016599854,1.4602663641532767,6.742223459056496,0.0,87.20217835262083,0.39142273655547993
mhas,True,2,function,z_fixed,z_fixed,13704,0,11752,14.244016345592527,0.003287968958129448,0.9914241881225113,4.751007479264485,-0.27538926638030303,-0.27538926638030303,-0.27538926638030303,-0.27538926638030303,-0.27538926638030303,1.6115188797417008,7.413371612543016,0.0,87.20217835262083,0.39142273655547993
mhas,True,2,function,z_wave,z_wave,13704,0,11752,14.244016345592527,-5.169452340664446e-17,1.0000000000000022,4.751007479264485,-0.28108779135817974,-0.28108779135817974,-0.28108779135817974,-0.28108779135817974,-0.28108779135817974,1.6221420962394801,7.474180812168394,0.0,87.20217835262083,0.39142273655547993
mhas,True,3,cognition,source_metric,fixed_reference_item_z_mean,15711,0,14436,8.11533320603399,-0.00878375693966829,0.8605209848731113,-0.09701753860251486,-2.4871163979190327,-1.4608001338056331,-0.6326276717610573,0.015867670701068134,0.6235925732895087,1.3828024843694835,2.1320206184971564,0.0,0.03463563313937379,0.013854253255749516
mhas,True,3,cognition,z_fixed,z_fixed,15711,0,14436,8.11533320603399,-0.010364501420569206,1.015382259710339,-0.09701753860251508,-2.934703409532827,-1.723688982514989,-0.7464767579174755,0.018723252094968564,0.7358156829826212,1.6316547022025212,2.51570380201465,0.0,0.03463563313937379,0.013854253255749516
mhas,True,3,cognition,z_wave,z_wave,15711,0,14436,8.11533320603399,-1.5750462416405658e-17,1.0,-0.09701753860251491,-2.8800374244735103,-1.6873689339256182,-0.7249607223853793,0.028647096438178563,0.7348761289330142,1.6171438765253923,2.4878003129145054,0.0,0.03463563313937379,0.013854253255749516
mhas,True,3,function,source_metric,fixed_reference_item_z_mean,15711,0,13427,14.537585131436574,0.07744011541428705,0.9523931713374684,3.939786062994208,-0.25755867016599854,-0.25755867016599854,-0.25755867016599854,-0.25755867016599854,-0.25755867016599854,2.0542883742506004,6.742223459056496,0.0,80.88180531764355,0.2904595218589409
mhas,True,3,function,z_fixed,z_fixed,15711,0,13427,14.537585131436574,0.09258298039912943,1.0461358970820733,3.9397860629942087,-0.27538926638030303,-0.27538926638030303,-0.27538926638030303,-0.27538926638030303,-0.27538926638030303,2.2640096441882522,7.413371612543016,0.0,80.88180531764355,0.2904595218589409
mhas,True,3,function,z_wave,z_wave,15711,0,13427,14.537585131436574,3.386812771925703e-17,0.9999999999999991,3.9397860629942087,-0.3517442120147067,-0.3517442120147067,-0.3517442120147067,-0.3517442120147067,-0.3517442120147067,2.0756640412070326,6.997932728016822,0.0,80.88180531764355,0.2904595218589409
mhas,True,4,cognition,source_metric,fixed_reference_item_z_mean,14779,0,13850,6.285946275120102,-0.047485440928151476,0.8983692010633268,-0.11847542825625887,-2.4871163979190327,-1.5757075267764284,-0.711582040899695,-0.009647292037893149,0.6391157384653007,1.3728107074171814,2.1320206184971564,0.0,0.01444043321299639,0.007220216606498195
mhas,True,4,cognition,z_fixed,z_fixed,14779,0,13850,6.285946275120102,-0.05603102673908436,1.0600417252629348,-0.11847542825625877,-2.934703409532827,-1.8592753660932053,-0.8396399313429506,-0.011383440220189568,0.754132431569963,1.6198647827947497,2.51570380201465,0.0,0.01444043321299639,0.007220216606498195
mhas,True,4,cognition,z_wave,z_wave,14779,0,13850,6.285946275120102,3.28337437463151e-17,1.0000000000000004,-0.11847542825625876,-2.715621766756127,-1.7011069436034145,-0.7392245851544179,0.042118706702625616,0.7642750648405781,1.5809715500756747,2.426069434310085,0.0,0.01444043321299639,0.007220216606498195
mhas,True,4,function,source_metric,fixed_reference_item_z_mean,14779,0,12890,12.781649637999864,0.1420122602494099,1.044368010087459,3.4941552382039154,-0.25755867016599854,-0.25755867016599854,-0.25755867016599854,-0.25755867016599854,-0.25755867016599854,2.383419877285611,6.742223459056496,0.0,78.32428238944918,0.20946470131885184
mhas,True,4,function,z_fixed,z_fixed,14779,0,12890,12.781649637999864,0.16351087099786296,1.1471636903720852,3.4941552382039154,-0.27538926638030303,-0.27538926638030303,-0.27538926638030303,-0.27538926638030303,-0.27538926638030303,2.6255371000203547,7.413371612543016,0.0,78.32428238944918,0.20946470131885184
mhas,True,4,function,z_wave,z_wave,14779,0,12890,12.781649637999864,3.5279080751471224e-17,1.0000000000000027,3.494155238203915,-0.38259591116923247,-0.38259591116923247,-0.38259591116923247,-0.38259591116923247,-0.38259591116923247,2.1461856312972514,6.319813643329021,0.0,78.32428238944918,0.20946470131885184
mhas,True,5,cognition,source_metric,fixed_reference_item_z_mean,17114,0,15786,7.759728876942853,0.07921704296766867,0.8740628409342165,-0.20263985375084173,-2.4871163979190327,-1.4290399137155543,-0.5438599156612737,0.12114016975620712,0.7395707596463124,1.4355280216415323,2.1634238937179875,0.0,0.012669453946534905,0.012669453946534905
mhas,True,5,cognition,z_fixed,z_fixed,17114,0,15786,7.759728876942853,0.0934731186223691,1.0313611383776904,-0.2026398537508421,-2.934703409532827,-1.6862131224129635,-0.6417341585358868,0.14294082476894973,0.8726655623117614,1.693868844705541,2.5527584806530044,0.0,0.012669453946534905,0.012669453946534905
mhas,True,5,cognition,z_wave,z_wave,17114,0,15786,7.759728876942853,0.0,0.9999999999999992,-0.20263985375084176,-2.9360971782575143,-1.7255703892767773,-0.7128514443686731,0.04796351569382597,0.7554991309009813,1.5517316549279332,2.3845045838153625,0.0,0.012669453946534905,0.012669453946534905
mhas,True,5,function,source_metric,fixed_reference_item_z_mean,17114,0,15153,11.458455066027813,0.06323484060276877,0.9584030103743048,4.004205341447855,-0.25755867016599854,-0.25755867016599854,-0.25755867016599854,-0.25755867016599854,-0.25755867016599854,2.0542883742506004,6.742223459056496,0.0,82.52491255856927,0.2309773642183066
mhas,True,5,function,z_fixed,z_fixed,17114,0,15153,11.458455066027813,0.07697950028662934,1.052737276156737,4.004205341447854,-0.27538926638030303,-0.27538926638030303,-0.27538926638030303,-0.27538926638030303,-0.27538926638030303,2.2640096441882522,7.413371612543016,0.0,82.52491255856927,0.2309773642183066
mhas,True,5,function,z_wave,z_wave,17114,0,15153,11.458455066027813,-3.0010384140860825e-17,0.9999999999999987,4.004205341447855,-0.3347167186416505,-0.3347167186416505,-0.3347167186416505,-0.3347167186416505,-0.3347167186416505,2.07747003306075,6.96887274576197,0.0,82.52491255856927,0.2309773642183066
mhas,True,death,cognition,source_metric,source_metric,0,5415,0,,,,,,,,,,,,,,
mhas,True,death,cognition,z_fixed,z_fixed,0,5415,0,,,,,,,,,,,,,,
mhas,True,death,cognition,z_wave,z_wave,0,5415,0,,,,,,,,,,,,,,
mhas,True,death,function,source_metric,source_metric,0,5415,0,,,,,,,,,,,,,,
mhas,True,death,function,z_fixed,z_fixed,0,5415,0,,,,,,,,,,,,,,
mhas,True,death,function,z_wave,z_wave,0,5415,0,,,,,,,,,,,,,,
share,True,4,cognition,source_metric,fixed_reference_item_z_mean,57982,0,53924,6.998723741850919,0.03618113502241067,0.7504949646008163,-0.5478745056597747,-2.7340515569203485,-1.3853594797371216,-0.3837759957679067,0.13577054027462385,0.5366030444408173,1.1014917737474519,3.8084585430687246,0.0,0.12424894295675395,0.0037089236703508645
share,True,4,cognition,z_fixed,z_fixed,57982,0,53924,6.998723741850919,1.686623213732157e-17,1.0,-0.5478745056597747,-3.691207566484112,-1.8941374450335466,-0.5595735489227299,0.13269829905545627,0.6667891631818982,1.4194773968825674,5.026386033186466,0.0,0.12424894295675395,0.0037089236703508645
share,True,4,cognition,z_wave,z_wave,57982,0,53924,6.998723741850919,0.0,1.000000000000002,-0.5478745056597749,-3.69120756648412,-1.8941374450335504,-0.5595735489227311,0.1326982990554565,0.6667891631818995,1.4194773968825702,5.026386033186475,0.0,0.12424894295675395,0.0037089236703508645
share,True,4,function,source_metric,fixed_reference_item_z_mean,57982,0,57666,0.5449967231209686,-2.7600591823650408e-17,0.9205919949715464,4.375536071611612,-0.3009400749329525,-0.3009400749329525,-0.3009400749329525,-0.3009400749329525,-0.3009400749329525,1.8554870069269762,6.312424160384948,0.0,81.35816599035827,0.5358443450213297
share,True,4,function,z_fixed,z_fixed,57982,0,57666,0.5449967231209686,2.562912097910395e-17,0.9999999999999999,4.375536071611613,-0.3268984268565728,-0.3268984268565728,-0.3268984268565728,-0.3268984268565728,-0.3268984268565728,2.0155367601087226,6.856918368685198,0.0,81.35816599035827,0.5358443450213297
share,True,4,function,z_wave,z_wave,57982,0,57666,0.5449967231209686,-4.7315300269114986e-17,1.0000000000000029,4.375536071611614,-0.3268984268565738,-0.3268984268565738,-0.3268984268565738,-0.3268984268565738,-0.3268984268565738,2.015536760108729,6.856918368685219,0.0,81.35816599035827,0.5358443450213297
share,True,5,cognition,source_metric,fixed_reference_item_z_mean,66038,0,61322,7.141342863199976,0.11861168913380787,0.7412102224759927,-0.6448957511376716,-2.7340515569203485,-1.2969078007658876,-0.2936407217795184,0.2214403991490634,0.6189057132809478,1.185478037604737,3.7631163498046205,0.0,0.12393594468543101,0.0016307361142819867
share,True,5,cognition,z_fixed,z_fixed,66038,0,61322,7.141342863199976,0.10983491961900305,0.987628508434081,-0.6448957511376715,-3.691207566484112,-1.776279653651454,-0.43947244466504753,0.2468494431873917,0.7764536815626534,1.5313852281389126,4.965969647463982,0.0,0.12393594468543101,0.0016307361142819867
share,True,5,cognition,z_wave,z_wave,66038,0,61322,7.141342863199976,2.966291711858479e-17,1.000000000000002,-0.6448957511376716,-3.8486561026167685,-1.9097409169171922,-0.5561882424343919,0.13873083087246052,0.6749691369284173,1.4393573052825595,4.916964917856166,0.0,0.12393594468543101,0.0016307361142819867
share,True,5,function,source_metric,fixed_reference_item_z_mean,66038,0,65854,0.27862745691874374,0.013717248418618133,0.9852594953320201,4.266230679365626,-0.3009400749329525,-0.3009400749329525,-0.3009400749329525,-0.3009400749329525,-0.3009400749329525,1.8795008385499952,6.312424160384948,0.0,82.242536520181,0.6818112794970693
share,True,5,function,z_fixed,z_fixed,66038,0,65854,0.27862745691874374,0.014900464585336911,1.0702455601544443,4.266230679365628,-0.3268984268565728,-0.3268984268565728,-0.3268984268565728,-0.3268984268565728,-0.3268984268565728,2.041621965883037,6.856918368685198,0.0,82.242536520181,0.6818112794970693
share,True,5,function,z_wave,z_wave,66038,0,65854,0.27862745691874374,3.625328138236002e-17,0.9999999999999942,4.266230679365628,-0.3193649234971679,-0.3193649234971679,-0.3193649234971679,-0.3193649234971679,-0.3193649234971679,1.8936976491686799,6.392942104905783,0.0,82.242536520181,0.6818112794970693
share,True,6,cognition,source_metric,fixed_reference_item_z_mean,68055,0,62198,8.606274336933364,0.08847403533175907,0.7556905589926983,-0.5254081085484871,-2.7340515569203485,-1.341700881490172,-0.3401173975209572,0.17833091344193372,0.6161238931841536,1.1877107451617113,4.168963381624582,0.0,0.04984083089488408,0.0016077687385446478
share,True,6,cognition,z_fixed,z_fixed,68055,0,62198,8.606274336933364,0.06967788296509445,1.0069228904082594,-0.5254081085484869,-3.691207566484112,-1.8359643721866536,-0.5014004760758372,0.1894080375277823,0.7727470343124966,1.5343602082017862,5.506742138903454,0.0,0.04984083089488408,0.0016077687385446478
share,True,6,cognition,z_wave,z_wave,68055,0,62198,8.606274336933364,2.924514298765003e-17,0.9999999999999969,-0.5254081085484871,-3.735028258146296,-1.892540405332423,-0.5671520277082833,0.11890697460869377,0.6982353445777153,1.4546122043593903,5.399682843374304,0.0,0.04984083089488408,0.0016077687385446478
share,True,6,function,source_metric,fixed_reference_item_z_mean,68055,0,67903,0.22334876203071044,0.022205058682561778,0.9933016208236132,4.224831206276954,-0.3009400749329525,-0.3009400749329525,-0.3009400749329525,-0.3009400749329525,-0.3009400749329525,1.8795008385499952,6.312424160384948,0.0,81.71803896735048,0.7260356685271637
share,True,6,function,z_fixed,z_fixed,68055,0,67903,0.22334876203071044,0.02412041252134518,1.0789813796439909,4.224831206276954,-0.3268984268565728,-0.3268984268565728,-0.3268984268565728,-0.3268984268565728,-0.3268984268565728,2.041621965883037,6.856918368685198,0.0,81.71803896735048,0.7260356685271637
share,True,6,function,z_wave,z_wave,68055,0,67903,0.22334876203071044,1.6742535340355512e-17,1.000000000000004,4.224831206276955,-0.32532427899148525,-0.32532427899148525,-0.32532427899148525,-0.32532427899148525,-0.32532427899148525,1.8698205468822575,6.332637508923794,0.0,81.71803896735048,0.7260356685271637
share,True,7,cognition,source_metric,fixed_reference_item_z_mean,13948,0,12879,7.664181244622885,-0.03437336807808845,0.7849022280373237,-0.4737078662239464,-2.7340515569203485,-1.5141388243186906,-0.46831137216501145,0.050100681400184276,0.48902814361973895,1.1014917737474519,4.116923065689556,0.0,0.2562310738411367,0.007764577995185961
share,True,7,cognition,z_fixed,z_fixed,13948,0,12879,7.664181244622885,-0.09401062822323744,1.045846094989869,-0.4737078662239468,-3.691207566484112,-2.065729994825091,-0.6722130473663586,0.01854715492352081,0.603397797396542,1.4194773968825674,5.437400812992352,0.0,0.2562310738411367,0.007764577995185961
share,True,7,cognition,z_wave,z_wave,13948,0,12879,7.664181244622885,0.0,0.9999999999999991,-0.4737078662239465,-3.4395088871041946,-1.8852863495378371,-0.5528561247328858,0.10762365866829432,0.6668365727622041,1.4471422060627999,5.288934450024568,0.0,0.2562310738411367,0.007764577995185961
share,True,7,function,source_metric,fixed_reference_item_z_mean,13948,0,13932,0.11471178663607685,0.08153343194692235,1.083400460931034,3.8811832763308436,-0.3009400749329525,-0.3009400749329525,-0.3009400749329525,-0.3009400749329525,-0.3009400749329525,2.4054000016222905,6.312424160384948,0.0,78.14384151593454,0.9187482055699111
share,True,7,function,z_fixed,z_fixed,13948,0,13932,0.11471178663607685,0.08856630558626834,1.176851924466842,3.881183276330844,-0.3268984268565728,-0.3268984268565728,-0.3268984268565728,-0.3268984268565728,-0.3268984268565728,2.6128838994484593,6.856918368685198,0.0,78.14384151593454,0.9187482055699111
share,True,7,function,z_wave,z_wave,13948,0,13932,0.11471178663607685,-2.0400308233135235e-18,1.0000000000000004,3.8811832763308436,-0.3530305927239421,-0.3530305927239421,-0.3530305927239421,-0.3530305927239421,-0.3530305927239421,2.1449746917020187,5.751235072471202,0.0,78.14384151593454,0.9187482055699111
share,True,8,cognition,source_metric,fixed_reference_item_z_mean,53695,0,50473,6.000558711239408,0.08744423258234436,0.7476381203564914,-0.5477880734422148,-2.7340515569203485,-1.3366863538364033,-0.34066651006077703,0.1805636209989081,0.6116584780702049,1.1810126224907882,3.8560334438898027,0.0,0.06934400570602105,0.0019812573058863156
share,True,8,cognition,z_fixed,z_fixed,53695,0,50473,6.000558711239408,0.0683057181965241,0.9961933865261248,-0.5477880734422148,-3.691207566484112,-1.829282744873623,-0.5021321432631205,0.1923830175906558,0.7667970741867496,1.5254352680131658,5.089777398971822,0.0,0.06934400570602105,0.0019812573058863156
share,True,8,cognition,z_wave,z_wave,53695,0,50473,6.000558711239408,0.0,1.0000000000000007,-0.5477880734422147,-3.773878983267118,-1.9048394505883273,-0.5726175953133429,0.12455141850199175,0.7011604026262108,1.4626974737283402,5.04065952323366,0.0,0.06934400570602105,0.0019812573058863156
share,True,8,function,source_metric,fixed_reference_item_z_mean,53695,0,53524,0.31846540646242666,0.03816621520668969,1.024505231367658,4.127697618525039,-0.3009400749329525,-0.3009400749329525,-0.3009400749329525,-0.3009400749329525,-0.3009400749329525,1.9035146701730141,6.312424160384948,0.0,81.10754054256034,0.8108512069352066
share,True,8,function,z_fixed,z_fixed,53695,0,53524,0.31846540646242666,0.041458339215592874,1.1128765370149925,4.12769761852504,-0.3268984268565728,-0.3268984268565728,-0.3268984268565728,-0.3268984268565728,-0.3268984268565728,2.0677071716573505,6.856918368685198,0.0,81.10754054256034,0.8108512069352066
share,True,8,function,z_wave,z_wave,53695,0,53524,0.31846540646242666,2.070933913358038e-17,0.9999999999999977,4.127697618525039,-0.3309951767517607,-0.3309951767517607,-0.3309951767517607,-0.3309951767517607,-0.3309951767517607,1.8207310200614424,6.12418341368785,0.0,81.10754054256034,0.8108512069352066
share,True,death,cognition,source_metric,source_metric,0,13584,0,,,,,,,,,,,,,,
share,True,death,cognition,z_fixed,z_fixed,0,13584,0,,,,,,,,,,,,,,
share,True,death,cognition,z_wave,z_wave,0,13584,0,,,,,,,,,,,,,,
share,True,death,function,source_metric,source_metric,0,13584,0,,,,,,,,,,,,,,
share,True,death,function,z_fixed,z_fixed,0,13584,0,,,,,,,,,,,,,,
share,True,death,function,z_wave,z_wave,0,13584,0,,,,,,,,,,,,,,
