analysis,adjustment_set,state_definition,standardization,persistent,outcome,exposure,term,estimand,death_handling,k,pooled,ci_low,ci_high,prediction_low,prediction_high,tau2,i2,cohorts,covariates_by_cohort,mortality_availability_by_cohort,n_total,clusters_total,scale
binary_domain_interaction,mental_health,legacy,fixed,False,any_domain,cmm4_start,"C(domain, Treatment(reference='cognitive'))[T.functional]:cmm4_start",survivor_conditional_paired_domain_contrast,observed_living_endpoint_survivor_conditional_model,6,1.3307088357787762,1.272375192927579,1.3917168579382193,1.259958078991405,1.4054324783862793,8.310976541436589e-05,35.88840574200952,"charls,elsa,hrs,klosa,mhas,share","charls:depression,psychiatric;elsa:depression,psychiatric;hrs:depression,psychiatric;klosa:depression,psychiatric;mhas:depression;share:depression,psychiatric",charls:True;elsa:False;hrs:True;klosa:True;mhas:True;share:True,517140,104544,ratio_of_odds_ratios
binary_domain_interaction,mental_health,legacy,fixed,False,any_domain,cmm4_start,cmm4_start,survivor_conditional_paired_domain_contrast,observed_living_endpoint_survivor_conditional_model,6,1.0420799487814265,1.0055566347034761,1.0799298440037894,0.9610106070115231,1.1299881725855703,0.0006582504366280048,61.35117963988685,"charls,elsa,hrs,klosa,mhas,share","charls:depression,psychiatric;elsa:depression,psychiatric;hrs:depression,psychiatric;klosa:depression,psychiatric;mhas:depression;share:depression,psychiatric",charls:True;elsa:False;hrs:True;klosa:True;mhas:True;share:True,517140,104544,odds_ratio
binary_domain_interaction,mental_health,matched_0.20,fixed,False,any_domain,cmm4_start,"C(domain, Treatment(reference='cognitive'))[T.functional]:cmm4_start",survivor_conditional_paired_domain_contrast,observed_living_endpoint_survivor_conditional_model,6,1.3216298467080725,1.2264531981671258,1.4241925043042563,1.1009303607891803,1.5865721519910776,0.0034852417920525486,76.04298649834759,"charls,elsa,hrs,klosa,mhas,share","charls:depression,psychiatric;elsa:depression,psychiatric;hrs:depression,psychiatric;klosa:depression,psychiatric;mhas:depression;share:depression,psychiatric",charls:True;elsa:False;hrs:True;klosa:True;mhas:True;share:True,532254,107207,ratio_of_odds_ratios
binary_domain_interaction,mental_health,matched_0.20,fixed,False,any_domain,cmm4_start,cmm4_start,survivor_conditional_paired_domain_contrast,observed_living_endpoint_survivor_conditional_model,6,1.0060598853373397,0.9460465822116035,1.069880185517747,0.8579028796622904,1.1798031186040685,0.0027197199449687797,81.76930519374869,"charls,elsa,hrs,klosa,mhas,share","charls:depression,psychiatric;elsa:depression,psychiatric;hrs:depression,psychiatric;klosa:depression,psychiatric;mhas:depression;share:depression,psychiatric",charls:True;elsa:False;hrs:True;klosa:True;mhas:True;share:True,532254,107207,odds_ratio
continuous_domain_interaction,mental_health,continuous,fixed,False,stacked_worsening,cmm4_change_raw,cmm4_change_raw[cognitive],paired_observed_interval_domain_contrast,not_applicable_to_observed_interval_change,6,0.04589419350929517,0.024282151213020055,0.06750623580557027,-0.005849878926340375,0.09763826594493072,0.0002766453448099619,74.32957400737514,"charls,elsa,hrs,klosa,mhas,share","charls:depression,psychiatric;elsa:depression,psychiatric;hrs:depression,psychiatric;klosa:depression,psychiatric;mhas:depression;share:depression,psychiatric",charls:True;elsa:False;hrs:True;klosa:True;mhas:True;share:True,361562,130672,beta
continuous_domain_interaction,mental_health,continuous,fixed,False,stacked_worsening,cmm4_change_raw,cmm4_change_raw[functional-minus-cognitive],paired_observed_interval_domain_contrast,not_applicable_to_observed_interval_change,6,0.05337232816324137,0.032537189170727565,0.07420746715575517,0.008444453519710009,0.09830020280677274,0.0001961559560362884,51.61160839387572,"charls,elsa,hrs,klosa,mhas,share","charls:depression,psychiatric;elsa:depression,psychiatric;hrs:depression,psychiatric;klosa:depression,psychiatric;mhas:depression;share:depression,psychiatric",charls:True;elsa:False;hrs:True;klosa:True;mhas:True;share:True,361562,130672,beta
continuous_domain_interaction,mental_health,continuous,fixed,False,stacked_worsening,cmm4_change_raw,cmm4_change_raw[functional],paired_observed_interval_domain_contrast,not_applicable_to_observed_interval_change,6,0.09600075116249689,0.0808934298497666,0.11110807247522718,0.0704091027919726,0.12159239953302117,5.04215667287235e-05,41.8270392731452,"charls,elsa,hrs,klosa,mhas,share","charls:depression,psychiatric;elsa:depression,psychiatric;hrs:depression,psychiatric;klosa:depression,psychiatric;mhas:depression;share:depression,psychiatric",charls:True;elsa:False;hrs:True;klosa:True;mhas:True;share:True,361562,130672,beta
continuous_domain_interaction,mental_health,continuous,wave,False,stacked_worsening,cmm4_change_raw,cmm4_change_raw[cognitive],paired_observed_interval_domain_contrast,not_applicable_to_observed_interval_change,6,0.04633016951269195,0.023615710109580183,0.06904462891580371,-0.009104611800082187,0.10176495082546608,0.00032056477504775066,77.0981404825672,"charls,elsa,hrs,klosa,mhas,share","charls:depression,psychiatric;elsa:depression,psychiatric;hrs:depression,psychiatric;klosa:depression,psychiatric;mhas:depression;share:depression,psychiatric",charls:True;elsa:False;hrs:True;klosa:True;mhas:True;share:True,361562,130672,beta
continuous_domain_interaction,mental_health,continuous,wave,False,stacked_worsening,cmm4_change_raw,cmm4_change_raw[functional-minus-cognitive],paired_observed_interval_domain_contrast,not_applicable_to_observed_interval_change,6,0.04917384136174855,0.0254209554050083,0.0729267273184888,-0.006156972288383911,0.10450465501188101,0.0003117685445413777,66.53009895793019,"charls,elsa,hrs,klosa,mhas,share","charls:depression,psychiatric;elsa:depression,psychiatric;hrs:depression,psychiatric;klosa:depression,psychiatric;mhas:depression;share:depression,psychiatric",charls:True;elsa:False;hrs:True;klosa:True;mhas:True;share:True,361562,130672,beta
continuous_domain_interaction,mental_health,continuous,wave,False,stacked_worsening,cmm4_change_raw,cmm4_change_raw[functional],paired_observed_interval_domain_contrast,not_applicable_to_observed_interval_change,6,0.08885181657561812,0.07778838530678836,0.09991524784444789,0.0769023780604926,0.10080125509074364,0.0,29.755810696932965,"charls,elsa,hrs,klosa,mhas,share","charls:depression,psychiatric;elsa:depression,psychiatric;hrs:depression,psychiatric;klosa:depression,psychiatric;mhas:depression;share:depression,psychiatric",charls:True;elsa:False;hrs:True;klosa:True;mhas:True;share:True,361562,130672,beta
continuous_gee_fixed_annualised,mental_health,continuous,fixed,False,cognitive_worsening_fixed_annual,cmm4_change_annual,cmm4_change_annual,observed_interval_change,not_applicable_to_observed_interval_change,6,0.048036980216887216,0.03055525006796132,0.06551871036581311,0.009423555095904715,0.08665040533786972,0.00014716932043268722,63.7563074534558,"charls,elsa,hrs,klosa,mhas,share","charls:depression,psychiatric;elsa:depression,psychiatric;hrs:depression,psychiatric;klosa:depression,psychiatric;mhas:depression;share:depression,psychiatric",charls:True;elsa:False;hrs:True;klosa:True;mhas:True;share:True,380935,133525,beta
continuous_gee_fixed_annualised,mental_health,continuous,fixed,False,functional_worsening_fixed_annual,cmm4_change_annual,cmm4_change_annual,observed_interval_change,not_applicable_to_observed_interval_change,6,0.15593389037370062,0.14251452971635017,0.16935325103105106,0.13681314193471517,0.17505463881268607,2.0175497893240037e-05,0.0,"charls,elsa,hrs,klosa,mhas,share","charls:depression,psychiatric;elsa:depression,psychiatric;hrs:depression,psychiatric;klosa:depression,psychiatric;mhas:depression;share:depression,psychiatric",charls:True;elsa:False;hrs:True;klosa:True;mhas:True;share:True,398424,142663,beta
continuous_gee_fixed_unannualised,base,continuous,fixed,False,cognitive_worsening_fixed_raw,cmm4_change_raw,cmm4_change_raw,observed_interval_change,not_applicable_to_observed_interval_change,6,0.05472541422971127,0.03933904294582827,0.07011178551359427,0.021548319904788824,0.08790250855463372,0.00010696331036034356,57.762995265233684,"charls,elsa,hrs,klosa,mhas,share",charls:;elsa:;hrs:;klosa:;mhas:;share:,charls:True;elsa:False;hrs:True;klosa:True;mhas:True;share:True,381212,133554,beta
continuous_gee_fixed_unannualised,base,continuous,fixed,False,functional_worsening_fixed_raw,cmm4_change_raw,cmm4_change_raw,observed_interval_change,not_applicable_to_observed_interval_change,6,0.1660475159161742,0.1542771078315737,0.1778179240007747,0.15333448283563814,0.17876054899671026,0.0,0.0,"charls,elsa,hrs,klosa,mhas,share",charls:;elsa:;hrs:;klosa:;mhas:;share:,charls:True;elsa:False;hrs:True;klosa:True;mhas:True;share:True,410618,144905,beta
continuous_gee_fixed_unannualised,lifestyle,continuous,fixed,False,cognitive_worsening_fixed_raw,cmm4_change_raw,cmm4_change_raw,observed_interval_change,not_applicable_to_observed_interval_change,5,0.054231204020625486,0.03299785862841013,0.07546454941284084,0.010242175135206477,0.0982202329060445,0.0001325716862270826,58.7939780942652,"charls,hrs,klosa,mhas,share","charls:depression,psychiatric,smoking,bmi,physical_activity,alcohol;hrs:depression,psychiatric,smoking,bmi,physical_activity,alcohol;klosa:depression,psychiatric,smoking,bmi,physical_activity,alcohol;mhas:depression,smoking,bmi,physical_activity,alcohol;share:depression,psychiatric,smoking,bmi,physical_activity,alcohol",charls:True;hrs:True;klosa:True;mhas:True;share:True,257415,106784,beta
continuous_gee_fixed_unannualised,lifestyle,continuous,fixed,False,functional_worsening_fixed_raw,cmm4_change_raw,cmm4_change_raw,observed_interval_change,not_applicable_to_observed_interval_change,5,0.14833767230849035,0.1314369048392697,0.165238439777711,0.12896549567579277,0.16770984894118793,0.0,17.73653762639476,"charls,hrs,klosa,mhas,share","charls:depression,psychiatric,smoking,bmi,physical_activity,alcohol;hrs:depression,psychiatric,smoking,bmi,physical_activity,alcohol;klosa:depression,psychiatric,smoking,bmi,physical_activity,alcohol;mhas:depression,smoking,bmi,physical_activity,alcohol;share:depression,psychiatric,smoking,bmi,physical_activity,alcohol",charls:True;hrs:True;klosa:True;mhas:True;share:True,260196,112824,beta
continuous_gee_fixed_unannualised,mental_health,continuous,fixed,False,cognitive_worsening_fixed_raw,cmm4_change_raw,cmm4_change_raw,observed_interval_change,not_applicable_to_observed_interval_change,6,0.049569014518765116,0.030720833247895974,0.06841719578963426,0.00605773561980924,0.09308029341772099,0.00019183631333645642,69.60255372816916,"charls,elsa,hrs,klosa,mhas,share","charls:depression,psychiatric;elsa:depression,psychiatric;hrs:depression,psychiatric;klosa:depression,psychiatric;mhas:depression;share:depression,psychiatric",charls:True;elsa:False;hrs:True;klosa:True;mhas:True;share:True,380935,133525,beta
continuous_gee_fixed_unannualised,mental_health,continuous,fixed,False,cognitive_worsening_fixed_raw,cmm5_change_raw,cmm5_change_raw,observed_interval_change,not_applicable_to_observed_interval_change,4,0.031219275269625733,0.00422808419442865,0.05821046634482281,-0.04306634915108877,0.10550489969034023,0.0002261508676941833,81.57399205484361,"charls,elsa,hrs,share","charls:depression,psychiatric;elsa:depression,psychiatric;hrs:depression,psychiatric;share:depression,psychiatric",charls:True;elsa:False;hrs:True;share:True,220425,100336,beta
continuous_gee_fixed_unannualised,mental_health,continuous,fixed,False,functional_worsening_fixed_raw,cmm4_change_raw,cmm4_change_raw,observed_interval_change,not_applicable_to_observed_interval_change,6,0.16026084623043668,0.14839556625705147,0.1721261262038219,0.14744534351147653,0.17307634894939683,0.0,0.0,"charls,elsa,hrs,klosa,mhas,share","charls:depression,psychiatric;elsa:depression,psychiatric;hrs:depression,psychiatric;klosa:depression,psychiatric;mhas:depression;share:depression,psychiatric",charls:True;elsa:False;hrs:True;klosa:True;mhas:True;share:True,398424,142663,beta
continuous_gee_fixed_unannualised,mental_health,continuous,fixed,False,functional_worsening_fixed_raw,cmm5_change_raw,cmm5_change_raw,observed_interval_change,not_applicable_to_observed_interval_change,4,0.12029670839475055,0.0972106164372164,0.1433828003522847,0.06422679177322821,0.1763666250162729,0.00011719599989815247,55.65984844134553,"charls,elsa,hrs,share","charls:depression,psychiatric;elsa:depression,psychiatric;hrs:depression,psychiatric;share:depression,psychiatric",charls:True;elsa:False;hrs:True;share:True,248280,110462,beta
continuous_gee_fixed_unannualised,socioeconomic,continuous,fixed,False,cognitive_worsening_fixed_raw,cmm4_change_raw,cmm4_change_raw,observed_interval_change,not_applicable_to_observed_interval_change,3,0.060326373171275635,0.014141257677685239,0.10651148866486604,-0.12389715310650908,0.24454989944906036,9.499151754604678e-05,41.33425540620373,"charls,klosa,share","charls:depression,psychiatric,smoking,bmi,physical_activity,alcohol,wealth,marital;klosa:depression,psychiatric,smoking,bmi,physical_activity,alcohol,wealth,marital;share:depression,psychiatric,smoking,bmi,physical_activity,alcohol,wealth,marital",charls:True;klosa:True;share:True,112955,65615,beta
continuous_gee_fixed_unannualised,socioeconomic,continuous,fixed,False,functional_worsening_fixed_raw,cmm4_change_raw,cmm4_change_raw,observed_interval_change,not_applicable_to_observed_interval_change,3,0.155074015080952,0.1037653825150977,0.2063826476468063,-0.05729109326753071,0.36743912342943474,0.00013713811854188204,18.42606613669058,"charls,klosa,share","charls:depression,psychiatric,smoking,bmi,physical_activity,alcohol,wealth,marital;klosa:depression,psychiatric,smoking,bmi,physical_activity,alcohol,wealth,marital;share:depression,psychiatric,smoking,bmi,physical_activity,alcohol,wealth,marital",charls:True;klosa:True;share:True,126764,73262,beta
continuous_gee_ipcw,mental_health,continuous,fixed,False,cognitive_worsening_fixed_raw,cmm4_change_raw,cmm4_change_raw,ipcw_observed_interval_change,competing_death_excluded_from_censoring_model,6,0.0491225325942974,0.03041956419056937,0.06782550099802542,0.00652305233175552,0.09172201285683929,0.0001824761232240407,67.36188274308165,"charls,elsa,hrs,klosa,mhas,share","charls:depression,psychiatric;elsa:depression,psychiatric;hrs:depression,psychiatric;klosa:depression,psychiatric;mhas:depression;share:depression,psychiatric",charls:True;elsa:False;hrs:True;klosa:True;mhas:True;share:True,380935,133525,beta
continuous_gee_ipcw,mental_health,continuous,fixed,False,functional_worsening_fixed_raw,cmm4_change_raw,cmm4_change_raw,ipcw_observed_interval_change,competing_death_excluded_from_censoring_model,6,0.15889129126987558,0.14706141332079767,0.1707211692189535,0.14611402572187007,0.1716685568178811,0.0,0.0,"charls,elsa,hrs,klosa,mhas,share","charls:depression,psychiatric;elsa:depression,psychiatric;hrs:depression,psychiatric;klosa:depression,psychiatric;mhas:depression;share:depression,psychiatric",charls:True;elsa:False;hrs:True;klosa:True;mhas:True;share:True,398424,142663,beta
continuous_gee_wave_unannualised,mental_health,continuous,wave,False,cognitive_worsening_wave_raw,cmm4_change_raw,cmm4_change_raw,observed_interval_change,not_applicable_to_observed_interval_change,6,0.04933480382524664,0.02646569838524267,0.07220390926525061,-0.0076179513930044115,0.10628755904349768,0.00034162913705240814,79.98682135975481,"charls,elsa,hrs,klosa,mhas,share","charls:depression,psychiatric;elsa:depression,psychiatric;hrs:depression,psychiatric;klosa:depression,psychiatric;mhas:depression;share:depression,psychiatric",charls:True;elsa:False;hrs:True;klosa:True;mhas:True;share:True,380935,133525,beta
continuous_gee_wave_unannualised,mental_health,continuous,wave,False,functional_worsening_wave_raw,cmm4_change_raw,cmm4_change_raw,observed_interval_change,not_applicable_to_observed_interval_change,6,0.1520014706758993,0.1406735483524838,0.16332939299931482,0.13976635952289357,0.16423658182890505,0.0,0.0,"charls,elsa,hrs,klosa,mhas,share","charls:depression,psychiatric;elsa:depression,psychiatric;hrs:depression,psychiatric;klosa:depression,psychiatric;mhas:depression;share:depression,psychiatric",charls:True;elsa:False;hrs:True;klosa:True;mhas:True;share:True,398424,142663,beta
continuous_interval_central_cohort_iqr,base,continuous,fixed,False,cognitive_worsening_fixed_raw,cmm4_change_raw,cmm4_change_raw,observed_interval_change_within_interval_subset,not_applicable_to_observed_interval_change,6,0.05176066607928,0.0372069403793648,0.06631439177919521,0.024252665392709368,0.07926866676585063,6.610696135189609e-05,30.875187662196613,"charls,elsa,hrs,klosa,mhas,share",charls:;elsa:;hrs:;klosa:;mhas:;share:,charls:True;elsa:False;hrs:True;klosa:True;mhas:True;share:True,239904,111236,beta
continuous_interval_central_cohort_iqr,base,continuous,fixed,False,functional_worsening_fixed_raw,cmm4_change_raw,cmm4_change_raw,observed_interval_change_within_interval_subset,not_applicable_to_observed_interval_change,6,0.16450586829166006,0.13715837669964392,0.1918533598836762,0.10199648308778164,0.22701525349553847,0.00039370767167898227,67.59248969687624,"charls,elsa,hrs,klosa,mhas,share",charls:;elsa:;hrs:;klosa:;mhas:;share:,charls:True;elsa:False;hrs:True;klosa:True;mhas:True;share:True,256664,121184,beta
continuous_interval_gt_1.5_to_2.5y,base,continuous,fixed,False,cognitive_worsening_fixed_raw,cmm4_change_raw,cmm4_change_raw,observed_interval_change_within_interval_subset,not_applicable_to_observed_interval_change,5,0.05388301677832465,0.03835796233956246,0.06940807121708684,0.023993781320807085,0.08377225223584221,5.694075742548173e-05,42.990128685492365,"charls,elsa,hrs,klosa,share",charls:;elsa:;hrs:;klosa:;share:,charls:True;elsa:False;hrs:True;klosa:True;share:True,312760,114776,beta
continuous_interval_gt_1.5_to_2.5y,base,continuous,fixed,False,functional_worsening_fixed_raw,cmm4_change_raw,cmm4_change_raw,observed_interval_change_within_interval_subset,not_applicable_to_observed_interval_change,5,0.16613869499656914,0.14422470256112566,0.18805268743201262,0.12103692213483258,0.2112404678583057,0.0001385501949619847,45.03342909277633,"charls,elsa,hrs,klosa,share",charls:;elsa:;hrs:;klosa:;share:,charls:True;elsa:False;hrs:True;klosa:True;share:True,337870,127085,beta
continuous_interval_gt_2.5y,base,continuous,fixed,False,cognitive_worsening_fixed_raw,cmm4_change_raw,cmm4_change_raw,observed_interval_change_within_interval_subset,not_applicable_to_observed_interval_change,5,0.059363663311033876,-0.020380904132722227,0.13910823075478998,-0.1014187486205814,0.22014607524264915,0.0017274931095303005,78.32483979363745,"charls,elsa,hrs,mhas,share",charls:;elsa:;hrs:;mhas:;share:,charls:True;elsa:False;hrs:True;mhas:True;share:True,47934,37374,beta
continuous_interval_gt_2.5y,base,continuous,fixed,False,functional_worsening_fixed_raw,cmm4_change_raw,cmm4_change_raw,observed_interval_change_within_interval_subset,not_applicable_to_observed_interval_change,5,0.1869654629826114,0.1190721915317281,0.2548587344334947,0.04928598672892834,0.32464493923629445,0.001273649463033873,59.605256656261496,"charls,elsa,hrs,mhas,share",charls:;elsa:;hrs:;mhas:;share:,charls:True;elsa:False;hrs:True;mhas:True;share:True,51948,42832,beta
continuous_interval_le_1.5y,base,continuous,fixed,False,cognitive_worsening_fixed_raw,cmm4_change_raw,cmm4_change_raw,observed_interval_change_within_interval_subset,not_applicable_to_observed_interval_change,3,0.05212002535344702,-0.015583330496660427,0.11982338120355447,-0.1478153993229589,0.25205545002985297,0.0,0.0,"elsa,hrs,share",elsa:;hrs:;share:,elsa:False;hrs:True;share:True,20467,18026,beta
continuous_interval_le_1.5y,base,continuous,fixed,False,functional_worsening_fixed_raw,cmm4_change_raw,cmm4_change_raw,observed_interval_change_within_interval_subset,not_applicable_to_observed_interval_change,3,0.16168898618233604,0.020959596537386133,0.3024183758272859,-0.30455887454742203,0.6279368469120941,0.00027670024458568054,52.00246192227288,"elsa,hrs,share",elsa:;hrs:;share:,elsa:False;hrs:True;share:True,20689,18344,beta
continuous_sustained_diagnosis,base,continuous,fixed,False,cognitive_worsening_fixed_raw,cmm4_change_sustained_raw,cmm4_change_sustained_raw,observed_interval_change_with_sustained_new_diagnosis,requires_observed_confirmation_and_is_survivor_selected,6,0.037251677782528726,-0.00778571997639068,0.08228907554144813,-0.047553473590981936,0.12205682915603938,0.0006260056456563929,25.751773050020503,"charls,elsa,hrs,klosa,mhas,share",charls:;elsa:;hrs:;klosa:;mhas:;share:,charls:True;elsa:False;hrs:True;klosa:True;mhas:True;share:True,366340,128397,beta
continuous_sustained_diagnosis,base,continuous,fixed,False,functional_worsening_fixed_raw,cmm4_change_sustained_raw,cmm4_change_sustained_raw,observed_interval_change_with_sustained_new_diagnosis,requires_observed_confirmation_and_is_survivor_selected,6,0.1832576629666153,0.1218108127878979,0.2447045131453327,0.08750583667977041,0.2790094892534602,0.0006179722493771233,38.85351349997074,"charls,elsa,hrs,klosa,mhas,share",charls:;elsa:;hrs:;klosa:;mhas:;share:,charls:True;elsa:False;hrs:True;klosa:True;mhas:True;share:True,392478,138571,beta
continuous_sustained_diagnosis,base,continuous,wave,False,cognitive_worsening_wave_raw,cmm4_change_sustained_raw,cmm4_change_sustained_raw,observed_interval_change_with_sustained_new_diagnosis,requires_observed_confirmation_and_is_survivor_selected,6,0.054364766413866054,-0.007380228863539666,0.11610976169127177,-0.08520778217378508,0.1939373150015172,0.0019501432610604516,63.4398950227686,"charls,elsa,hrs,klosa,mhas,share",charls:;elsa:;hrs:;klosa:;mhas:;share:,charls:True;elsa:False;hrs:True;klosa:True;mhas:True;share:True,366340,128397,beta
continuous_sustained_diagnosis,base,continuous,wave,False,functional_worsening_wave_raw,cmm4_change_sustained_raw,cmm4_change_sustained_raw,observed_interval_change_with_sustained_new_diagnosis,requires_observed_confirmation_and_is_survivor_selected,6,0.1811702377420492,0.13688677099040195,0.22545370449369648,0.12733271445473004,0.23500776102936838,7.923331955599043e-05,17.0909210085893,"charls,elsa,hrs,klosa,mhas,share",charls:;elsa:;hrs:;klosa:;mhas:;share:,charls:True;elsa:False;hrs:True;klosa:True;mhas:True;share:True,392478,138571,beta
transition_gee,base,matched_0.20,fixed,False,any_cognitive,cmm4_start,cmm4_start,survivor_conditional_domain_transition,observed_living_endpoint_survivor_conditional_model,6,1.0215180461287832,0.9611956439645677,1.0856261418983637,0.872442412112362,1.196066472789008,0.0026674729684168985,81.91937220004466,"charls,elsa,hrs,klosa,mhas,share",charls:;elsa:;hrs:;klosa:;mhas:;share:,charls:True;elsa:False;hrs:True;klosa:True;mhas:True;share:True,266288,107229,odds_ratio
transition_gee,base,matched_0.20,fixed,False,any_functional,cmm4_start,cmm4_start,survivor_conditional_domain_transition,observed_living_endpoint_survivor_conditional_model,6,1.3858906999541194,1.3040777340188188,1.4728363057777674,1.1985426468088476,1.6025237294085584,0.002176074925725068,72.66818425041455,"charls,elsa,hrs,klosa,mhas,share",charls:;elsa:;hrs:;klosa:;mhas:;share:,charls:True;elsa:False;hrs:True;klosa:True;mhas:True;share:True,266288,107229,odds_ratio
transition_gee,lifestyle,matched_0.20,fixed,False,any_cognitive,cmm4_start,cmm4_start,survivor_conditional_domain_transition,observed_living_endpoint_survivor_conditional_model,5,1.046470227852617,1.000582102475645,1.0944628482484413,0.9710726460490913,1.1277219497814448,0.00029125479866346773,36.33122920154046,"charls,hrs,klosa,mhas,share","charls:depression,psychiatric,smoking,bmi,physical_activity,alcohol;hrs:depression,psychiatric,smoking,bmi,physical_activity,alcohol;klosa:depression,psychiatric,smoking,bmi,physical_activity,alcohol;mhas:depression,smoking,bmi,physical_activity,alcohol;share:depression,psychiatric,smoking,bmi,physical_activity,alcohol",charls:True;hrs:True;klosa:True;mhas:True;share:True,177961,83516,odds_ratio
transition_gee,lifestyle,matched_0.20,fixed,False,any_functional,cmm4_start,cmm4_start,survivor_conditional_domain_transition,observed_living_endpoint_survivor_conditional_model,5,1.272887131681788,1.2081879634483639,1.3410509780089659,1.1417743250160886,1.4190559504639928,0.0008137121831830341,46.011155264775084,"charls,hrs,klosa,mhas,share","charls:depression,psychiatric,smoking,bmi,physical_activity,alcohol;hrs:depression,psychiatric,smoking,bmi,physical_activity,alcohol;klosa:depression,psychiatric,smoking,bmi,physical_activity,alcohol;mhas:depression,smoking,bmi,physical_activity,alcohol;share:depression,psychiatric,smoking,bmi,physical_activity,alcohol",charls:True;hrs:True;klosa:True;mhas:True;share:True,177961,83516,odds_ratio
transition_gee,mental_health,legacy,fixed,False,any_cognitive,cmm4_start,cmm4_start,survivor_conditional_domain_transition,observed_living_endpoint_survivor_conditional_model,6,1.042079948781428,1.0055566347034781,1.0799298440037906,0.961010607011526,1.12998817258557,0.0006582504366279743,61.351179639886,"charls,elsa,hrs,klosa,mhas,share","charls:depression,psychiatric;elsa:depression,psychiatric;hrs:depression,psychiatric;klosa:depression,psychiatric;mhas:depression;share:depression,psychiatric",charls:True;elsa:False;hrs:True;klosa:True;mhas:True;share:True,258570,104544,odds_ratio
transition_gee,mental_health,legacy,fixed,False,any_functional,cmm4_start,cmm4_start,survivor_conditional_domain_transition,observed_living_endpoint_survivor_conditional_model,6,1.397540336067901,1.3319816427542444,1.4663257572365356,1.3013019600362494,1.5008960648014202,0.00031103405529568824,49.33277201172675,"charls,elsa,hrs,klosa,mhas,share","charls:depression,psychiatric;elsa:depression,psychiatric;hrs:depression,psychiatric;klosa:depression,psychiatric;mhas:depression;share:depression,psychiatric",charls:True;elsa:False;hrs:True;klosa:True;mhas:True;share:True,258570,104544,odds_ratio
transition_gee,mental_health,legacy,fixed,False,cognitive_only,cmm4_start,cmm4_start,survivor_conditional_domain_transition,observed_living_endpoint_survivor_conditional_model,6,0.9960742677116257,0.9544846484255877,1.0394760653655513,0.8990609296078025,1.1035558482449719,0.0010868629864981211,70.22616345960397,"charls,elsa,hrs,klosa,mhas,share","charls:depression,psychiatric;elsa:depression,psychiatric;hrs:depression,psychiatric;klosa:depression,psychiatric;mhas:depression;share:depression,psychiatric",charls:True;elsa:False;hrs:True;klosa:True;mhas:True;share:True,258570,104544,odds_ratio
transition_gee,mental_health,legacy,fixed,False,death,cmm4_start,cmm4_start,death_transition,validated_binary_death_endpoint,5,1.2687249531170268,1.1061340198898972,1.4552151707819503,0.8976739385755802,1.7931488678572967,0.009377838196397799,85.63557674519537,"charls,hrs,klosa,mhas,share","charls:depression,psychiatric;hrs:depression,psychiatric;klosa:depression,psychiatric;mhas:depression;share:depression,psychiatric",charls:True;hrs:True;klosa:True;mhas:True;share:True,228301,96988,odds_ratio
transition_gee,mental_health,legacy,fixed,False,functional_only,cmm4_start,cmm4_start,survivor_conditional_domain_transition,observed_living_endpoint_survivor_conditional_model,6,1.3734816612102025,1.3256744577892023,1.423012914367175,1.3219186000919563,1.4270560029562416,0.0,2.6367129553368183,"charls,elsa,hrs,klosa,mhas,share","charls:depression,psychiatric;elsa:depression,psychiatric;hrs:depression,psychiatric;klosa:depression,psychiatric;mhas:depression;share:depression,psychiatric",charls:True;elsa:False;hrs:True;klosa:True;mhas:True;share:True,258570,104544,odds_ratio
transition_gee,mental_health,legacy,fixed,False,joint,cmm4_start,cmm4_start,survivor_conditional_domain_transition,observed_living_endpoint_survivor_conditional_model,6,1.3660046686578364,1.2407732964346214,1.503875655735735,1.106052292554511,1.6870529244918524,0.004381339869674903,59.77380018149272,"charls,elsa,hrs,klosa,mhas,share","charls:depression,psychiatric;elsa:depression,psychiatric;hrs:depression,psychiatric;klosa:depression,psychiatric;mhas:depression;share:depression,psychiatric",charls:True;elsa:False;hrs:True;klosa:True;mhas:True;share:True,258570,104544,odds_ratio
transition_gee,mental_health,legacy,wave,False,any_cognitive,cmm4_start,cmm4_start,survivor_conditional_domain_transition,observed_living_endpoint_survivor_conditional_model,6,1.0375206367421694,0.9996283961608543,1.0768492329750314,0.9510998332988283,1.1317939862656508,0.0007717250349246009,65.75155246856954,"charls,elsa,hrs,klosa,mhas,share","charls:depression,psychiatric;elsa:depression,psychiatric;hrs:depression,psychiatric;klosa:depression,psychiatric;mhas:depression;share:depression,psychiatric",charls:True;elsa:False;hrs:True;klosa:True;mhas:True;share:True,257119,103823,odds_ratio
transition_gee,mental_health,legacy,wave,False,any_functional,cmm4_start,cmm4_start,survivor_conditional_domain_transition,observed_living_endpoint_survivor_conditional_model,6,1.4075732867907815,1.3518268695823097,1.4656185657111391,1.347459124090396,1.4703693212396762,0.0,43.64991756749695,"charls,elsa,hrs,klosa,mhas,share","charls:depression,psychiatric;elsa:depression,psychiatric;hrs:depression,psychiatric;klosa:depression,psychiatric;mhas:depression;share:depression,psychiatric",charls:True;elsa:False;hrs:True;klosa:True;mhas:True;share:True,257119,103823,odds_ratio
transition_gee,mental_health,matched_0.15,fixed,False,any_cognitive,cmm4_start,cmm4_start,survivor_conditional_domain_transition,observed_living_endpoint_survivor_conditional_model,6,1.031279267053097,0.9689294351614086,1.097641260610897,0.8794376809709177,1.2093374546783189,0.002702248706961597,79.59630946610733,"charls,elsa,hrs,klosa,mhas,share","charls:depression,psychiatric;elsa:depression,psychiatric;hrs:depression,psychiatric;klosa:depression,psychiatric;mhas:depression;share:depression,psychiatric",charls:True;elsa:False;hrs:True;klosa:True;mhas:True;share:True,290776,113031,odds_ratio
transition_gee,mental_health,matched_0.15,fixed,False,any_functional,cmm4_start,cmm4_start,survivor_conditional_domain_transition,observed_living_endpoint_survivor_conditional_model,6,1.3347107912079932,1.2742740979394016,1.3980138959489268,1.2123352969544778,1.469439107021198,0.000874736316486725,57.53006405095007,"charls,elsa,hrs,klosa,mhas,share","charls:depression,psychiatric;elsa:depression,psychiatric;hrs:depression,psychiatric;klosa:depression,psychiatric;mhas:depression;share:depression,psychiatric",charls:True;elsa:False;hrs:True;klosa:True;mhas:True;share:True,290776,113031,odds_ratio
transition_gee,mental_health,matched_0.20,fixed,False,any_cognitive,cmm4_start,cmm4_start,survivor_conditional_domain_transition,observed_living_endpoint_survivor_conditional_model,6,1.0060598744666784,0.9460465964737369,1.0698801462682574,0.8579028904722991,1.179803078241978,0.002719719459356243,81.76933867009595,"charls,elsa,hrs,klosa,mhas,share","charls:depression,psychiatric;elsa:depression,psychiatric;hrs:depression,psychiatric;klosa:depression,psychiatric;mhas:depression;share:depression,psychiatric",charls:True;elsa:False;hrs:True;klosa:True;mhas:True;share:True,266127,107207,odds_ratio
transition_gee,mental_health,matched_0.20,fixed,False,any_cognitive,cmm5_start,cmm5_start,survivor_conditional_domain_transition,observed_living_endpoint_survivor_conditional_model,4,0.9808270805856436,0.8824791368124404,1.090135417234937,0.7247221335959555,1.3274353264702408,0.003844064308824442,87.66584837108822,"charls,elsa,hrs,share","charls:depression,psychiatric;elsa:depression,psychiatric;hrs:depression,psychiatric;share:depression,psychiatric",charls:True;elsa:False;hrs:True;share:True,156969,79348,odds_ratio
transition_gee,mental_health,matched_0.20,fixed,False,any_functional,cmm4_start,cmm4_start,survivor_conditional_domain_transition,observed_living_endpoint_survivor_conditional_model,6,1.3306161503229172,1.2655263855692844,1.3990536741782122,1.1859298704660532,1.4929545022796196,0.0013383678560493916,64.9389245030755,"charls,elsa,hrs,klosa,mhas,share","charls:depression,psychiatric;elsa:depression,psychiatric;hrs:depression,psychiatric;klosa:depression,psychiatric;mhas:depression;share:depression,psychiatric",charls:True;elsa:False;hrs:True;klosa:True;mhas:True;share:True,266127,107207,odds_ratio
transition_gee,mental_health,matched_0.20,fixed,False,any_functional,cmm5_start,cmm5_start,survivor_conditional_domain_transition,observed_living_endpoint_survivor_conditional_model,4,1.2274680347528901,1.1889266551786557,1.2672588084196994,1.1593006088583049,1.2996437376358485,7.585070649523696e-05,18.32564939895991,"charls,elsa,hrs,share","charls:depression,psychiatric;elsa:depression,psychiatric;hrs:depression,psychiatric;share:depression,psychiatric",charls:True;elsa:False;hrs:True;share:True,156969,79348,odds_ratio
transition_gee,mental_health,matched_0.20,fixed,False,cognitive_only,cmm4_start,cmm4_start,survivor_conditional_domain_transition,observed_living_endpoint_survivor_conditional_model,6,0.9591250916558322,0.8965510090936986,1.0260664837951987,0.8083498917942036,1.138023213440362,0.0031056200151418616,79.40279400357217,"charls,elsa,hrs,klosa,mhas,share","charls:depression,psychiatric;elsa:depression,psychiatric;hrs:depression,psychiatric;klosa:depression,psychiatric;mhas:depression;share:depression,psychiatric",charls:True;elsa:False;hrs:True;klosa:True;mhas:True;share:True,266127,107207,odds_ratio
transition_gee,mental_health,matched_0.20,fixed,False,death,cmm4_start,cmm4_start,death_transition,validated_binary_death_endpoint,5,1.2526018523868032,1.0819866379794487,1.4501208661253842,0.8606952685300483,1.8229580874570288,0.011121134577532252,89.46474570257104,"charls,hrs,klosa,mhas,share","charls:depression,psychiatric;hrs:depression,psychiatric;klosa:depression,psychiatric;mhas:depression;share:depression,psychiatric",charls:True;hrs:True;klosa:True;mhas:True;share:True,237923,99990,odds_ratio
transition_gee,mental_health,matched_0.20,fixed,False,functional_only,cmm4_start,cmm4_start,survivor_conditional_domain_transition,observed_living_endpoint_survivor_conditional_model,6,1.3431188360951702,1.280078967562352,1.4092632201503412,1.202314319804182,1.5004131433512764,0.0012413012081731436,62.080952650679755,"charls,elsa,hrs,klosa,mhas,share","charls:depression,psychiatric;elsa:depression,psychiatric;hrs:depression,psychiatric;klosa:depression,psychiatric;mhas:depression;share:depression,psychiatric",charls:True;elsa:False;hrs:True;klosa:True;mhas:True;share:True,266127,107207,odds_ratio
transition_gee,mental_health,matched_0.20,fixed,False,joint,cmm4_start,cmm4_start,survivor_conditional_domain_transition,observed_living_endpoint_survivor_conditional_model,6,1.218997030654764,1.1182896235181703,1.3287736284901577,1.0022917439683108,1.4825561216955532,0.0038450346384020623,60.502902451881546,"charls,elsa,hrs,klosa,mhas,share","charls:depression,psychiatric;elsa:depression,psychiatric;hrs:depression,psychiatric;klosa:depression,psychiatric;mhas:depression;share:depression,psychiatric",charls:True;elsa:False;hrs:True;klosa:True;mhas:True;share:True,266127,107207,odds_ratio
transition_gee,mental_health,matched_0.20,fixed,True,any_cognitive,cmm4_start,cmm4_start,survivor_conditional_domain_transition,observed_living_endpoint_survivor_conditional_model,6,0.9927725768730221,0.8928419976719009,1.1038878009334918,0.7647798493562595,1.2887334704499738,0.007127765448733181,77.03631797868262,"charls,elsa,hrs,klosa,mhas,share","charls:depression,psychiatric;elsa:depression,psychiatric;hrs:depression,psychiatric;klosa:depression,psychiatric;mhas:depression;share:depression,psychiatric",charls:True;elsa:False;hrs:True;klosa:True;mhas:True;share:True,173655,72761,odds_ratio
transition_gee,mental_health,matched_0.20,fixed,True,any_functional,cmm4_start,cmm4_start,survivor_conditional_domain_transition,observed_living_endpoint_survivor_conditional_model,6,1.3914869824081442,1.3349604160715547,1.4504070674313834,1.330534098745102,1.455232168824152,0.0,0.0,"charls,elsa,hrs,klosa,mhas,share","charls:depression,psychiatric;elsa:depression,psychiatric;hrs:depression,psychiatric;klosa:depression,psychiatric;mhas:depression;share:depression,psychiatric",charls:True;elsa:False;hrs:True;klosa:True;mhas:True;share:True,173655,72761,odds_ratio
transition_gee,mental_health,matched_0.20,wave,False,any_cognitive,cmm4_start,cmm4_start,survivor_conditional_domain_transition,observed_living_endpoint_survivor_conditional_model,6,1.0036393445282037,0.9404634129058268,1.071059139634885,0.8464941262022234,1.1899573815168625,0.003121918888524507,83.98642641753689,"charls,elsa,hrs,klosa,mhas,share","charls:depression,psychiatric;elsa:depression,psychiatric;hrs:depression,psychiatric;klosa:depression,psychiatric;mhas:depression;share:depression,psychiatric",charls:True;elsa:False;hrs:True;klosa:True;mhas:True;share:True,266127,107207,odds_ratio
transition_gee,mental_health,matched_0.20,wave,False,any_functional,cmm4_start,cmm4_start,survivor_conditional_domain_transition,observed_living_endpoint_survivor_conditional_model,6,1.3343891179552227,1.2687523910222478,1.4034214482801275,1.188561549605593,1.4981086328328408,0.00135243307157925,64.87532119645137,"charls,elsa,hrs,klosa,mhas,share","charls:depression,psychiatric;elsa:depression,psychiatric;hrs:depression,psychiatric;klosa:depression,psychiatric;mhas:depression;share:depression,psychiatric",charls:True;elsa:False;hrs:True;klosa:True;mhas:True;share:True,266127,107207,odds_ratio
transition_gee,mental_health,matched_0.25,fixed,False,any_cognitive,cmm4_start,cmm4_start,survivor_conditional_domain_transition,observed_living_endpoint_survivor_conditional_model,6,1.0229479325411643,0.9704827340929323,1.0782494483719876,0.8948378371665388,1.1693990008331445,0.0019029251259215342,79.83369027118151,"charls,elsa,hrs,klosa,mhas,share","charls:depression,psychiatric;elsa:depression,psychiatric;hrs:depression,psychiatric;klosa:depression,psychiatric;mhas:depression;share:depression,psychiatric",charls:True;elsa:False;hrs:True;klosa:True;mhas:True;share:True,248670,102580,odds_ratio
transition_gee,mental_health,matched_0.25,fixed,False,any_functional,cmm4_start,cmm4_start,survivor_conditional_domain_transition,observed_living_endpoint_survivor_conditional_model,6,1.3451010807602164,1.274892171952013,1.4191764270479843,1.190427000493415,1.5198722111581595,0.0015008945721509855,66.41955974371487,"charls,elsa,hrs,klosa,mhas,share","charls:depression,psychiatric;elsa:depression,psychiatric;hrs:depression,psychiatric;klosa:depression,psychiatric;mhas:depression;share:depression,psychiatric",charls:True;elsa:False;hrs:True;klosa:True;mhas:True;share:True,248670,102580,odds_ratio
transition_gee,mental_health,strict,fixed,False,any_cognitive,cmm4_start,cmm4_start,survivor_conditional_domain_transition,observed_living_endpoint_survivor_conditional_model,6,1.02934560037286,0.9733766526873983,1.0885327504842475,0.8904615603523015,1.1898911892252408,0.002252130858381091,84.11760604484806,"charls,elsa,hrs,klosa,mhas,share","charls:depression,psychiatric;elsa:depression,psychiatric;hrs:depression,psychiatric;klosa:depression,psychiatric;mhas:depression;share:depression,psychiatric",charls:True;elsa:False;hrs:True;klosa:True;mhas:True;share:True,282765,111148,odds_ratio
transition_gee,mental_health,strict,fixed,False,any_functional,cmm4_start,cmm4_start,survivor_conditional_domain_transition,observed_living_endpoint_survivor_conditional_model,6,1.3739164226455998,1.3229329132520573,1.4268647468865494,1.3189327049169426,1.4311923037302752,0.0,31.009905017298927,"charls,elsa,hrs,klosa,mhas,share","charls:depression,psychiatric;elsa:depression,psychiatric;hrs:depression,psychiatric;klosa:depression,psychiatric;mhas:depression;share:depression,psychiatric",charls:True;elsa:False;hrs:True;klosa:True;mhas:True;share:True,282765,111148,odds_ratio
transition_gee,socioeconomic,matched_0.20,fixed,False,any_cognitive,cmm4_start,cmm4_start,survivor_conditional_domain_transition,observed_living_endpoint_survivor_conditional_model,3,1.0341983560017631,0.9607405775960507,1.113272682031398,0.8319765842085812,1.2855725267486657,0.0,0.0,"charls,klosa,share","charls:depression,psychiatric,smoking,bmi,physical_activity,alcohol,wealth,marital;klosa:depression,psychiatric,smoking,bmi,physical_activity,alcohol,wealth,marital;share:depression,psychiatric,smoking,bmi,physical_activity,alcohol,wealth,marital",charls:True;klosa:True;share:True,84684,52284,odds_ratio
transition_gee,socioeconomic,matched_0.20,fixed,False,any_functional,cmm4_start,cmm4_start,survivor_conditional_domain_transition,observed_living_endpoint_survivor_conditional_model,3,1.2541476873137813,1.1651491951060275,1.349944220191797,1.0091278913998132,1.558659150142679,0.0,0.0,"charls,klosa,share","charls:depression,psychiatric,smoking,bmi,physical_activity,alcohol,wealth,marital;klosa:depression,psychiatric,smoking,bmi,physical_activity,alcohol,wealth,marital;share:depression,psychiatric,smoking,bmi,physical_activity,alcohol,wealth,marital",charls:True;klosa:True;share:True,84684,52284,odds_ratio
transition_gee_ipcw,mental_health,matched_0.20,fixed,False,any_cognitive,cmm4_start,cmm4_start,ipcw_survivor_conditional_domain_transition,competing_death_excluded_from_censoring_model,6,1.006090740594673,0.9468619308885526,1.06902447473039,0.8600205062584511,1.1769702826203874,0.002635221471700306,81.51315055590325,"charls,elsa,hrs,klosa,mhas,share","charls:depression,psychiatric;elsa:depression,psychiatric;hrs:depression,psychiatric;klosa:depression,psychiatric;mhas:depression;share:depression,psychiatric",charls:True;elsa:False;hrs:True;klosa:True;mhas:True;share:True,266127,107207,odds_ratio
transition_gee_ipcw,mental_health,matched_0.20,fixed,False,any_functional,cmm4_start,cmm4_start,ipcw_survivor_conditional_domain_transition,competing_death_excluded_from_censoring_model,6,1.3315160507088648,1.2674682684608563,1.398800299315017,1.190814051310952,1.488842856148305,0.0012502399831648716,63.76420390062214,"charls,elsa,hrs,klosa,mhas,share","charls:depression,psychiatric;elsa:depression,psychiatric;hrs:depression,psychiatric;klosa:depression,psychiatric;mhas:depression;share:depression,psychiatric",charls:True;elsa:False;hrs:True;klosa:True;mhas:True;share:True,266127,107207,odds_ratio
transition_multinomial_cluster,mental_health,matched_0.20,fixed,False,cognitive_only,cmm4_start,cmm4_start,joint_competing_state_transition,validated_five_state_competing_transition,3,0.9822744985666338,0.7665119640951786,1.258771207404825,0.2663040262806542,3.6231641106224792,0.007229433081339108,87.93226405637984,"charls,hrs,mhas","charls:depression,psychiatric;hrs:depression,psychiatric;mhas:depression",charls:True;hrs:True;mhas:True,141871,46991,relative_risk_ratio
transition_multinomial_cluster,mental_health,matched_0.20,fixed,False,death,cmm4_start,cmm4_start,joint_competing_state_transition,validated_five_state_competing_transition,3,1.3723685857212273,1.0491173679557684,1.7952190980731975,0.3433063837066582,5.486048685548967,0.007996146834817917,72.95939979549783,"charls,hrs,mhas","charls:depression,psychiatric;hrs:depression,psychiatric;mhas:depression",charls:True;hrs:True;mhas:True,141871,46991,relative_risk_ratio
transition_multinomial_cluster,mental_health,matched_0.20,fixed,False,functional_only,cmm4_start,cmm4_start,joint_competing_state_transition,validated_five_state_competing_transition,3,1.3356232884988162,1.1622840670690868,1.534813751064142,0.6601284838644625,2.702336912258826,0.0020322775140928476,68.44727030269121,"charls,hrs,mhas","charls:depression,psychiatric;hrs:depression,psychiatric;mhas:depression",charls:True;hrs:True;mhas:True,141871,46991,relative_risk_ratio
transition_multinomial_cluster,mental_health,matched_0.20,fixed,False,joint,cmm4_start,cmm4_start,joint_competing_state_transition,validated_five_state_competing_transition,3,1.2648647991467852,0.9253882591522011,1.7288775217295034,0.22817997285362138,7.011495970099753,0.01289127150793122,82.77489451466371,"charls,hrs,mhas","charls:depression,psychiatric;hrs:depression,psychiatric;mhas:depression",charls:True;hrs:True;mhas:True,141871,46991,relative_risk_ratio
