cohort,mortality_available,standardization,state_definition,persistent,outcome,intervals,events,event_percent
charls,True,fixed,legacy,False,any_cognitive,27428,4269,15.564386758057461
charls,True,fixed,legacy,False,any_functional,27428,1772,6.460551261484613
charls,True,fixed,legacy,False,cognitive_only,27428,3768,13.73778620387925
charls,True,fixed,legacy,False,functional_only,27428,1271,4.633950707306402
charls,True,fixed,legacy,False,joint,27428,501,1.8266005541782122
charls,True,fixed,legacy,False,death,27428,498,1.8156628263088816
elsa,False,fixed,legacy,False,any_cognitive,46114,5547,12.028884937329227
elsa,False,fixed,legacy,False,any_functional,46114,2717,5.891920024287635
elsa,False,fixed,legacy,False,cognitive_only,46114,4935,10.701739168148501
elsa,False,fixed,legacy,False,functional_only,46114,2105,4.564774255106909
elsa,False,fixed,legacy,False,joint,46114,612,1.327145769180726
hrs,True,fixed,legacy,False,any_cognitive,94946,14852,15.642575779917006
hrs,True,fixed,legacy,False,any_functional,94946,3908,4.116023845133023
hrs,True,fixed,legacy,False,cognitive_only,94946,13619,14.34394287279085
hrs,True,fixed,legacy,False,functional_only,94946,2675,2.8173909380068674
hrs,True,fixed,legacy,False,joint,94946,1233,1.298632907126156
hrs,True,fixed,legacy,False,death,94946,2592,2.729972826659364
klosa,True,fixed,legacy,False,any_cognitive,20248,2264,11.181351244567365
klosa,True,fixed,legacy,False,any_functional,20248,550,2.7163176610035555
klosa,True,fixed,legacy,False,cognitive_only,20248,2009,9.921967601738443
klosa,True,fixed,legacy,False,functional_only,20248,295,1.4569340181746346
klosa,True,fixed,legacy,False,joint,20248,255,1.2593836428289213
klosa,True,fixed,legacy,False,death,20248,508,2.508889766890557
mhas,True,fixed,legacy,False,any_cognitive,24902,5034,20.215243755521644
mhas,True,fixed,legacy,False,any_functional,24902,1623,6.517548791261746
mhas,True,fixed,legacy,False,cognitive_only,24902,4423,17.761625572243194
mhas,True,fixed,legacy,False,functional_only,24902,1012,4.063930607983295
mhas,True,fixed,legacy,False,joint,24902,611,2.4536181832784516
mhas,True,fixed,legacy,False,death,24902,1173,4.710465022889728
share,True,fixed,legacy,False,any_cognitive,74762,8367,11.191514405714132
share,True,fixed,legacy,False,any_functional,74762,2222,2.9720981247157647
share,True,fixed,legacy,False,cognitive_only,74762,7724,10.331451807067761
share,True,fixed,legacy,False,functional_only,74762,1579,2.1120355260693935
share,True,fixed,legacy,False,joint,74762,643,0.8600625986463711
share,True,fixed,legacy,False,death,74762,3938,5.267381824991306
charls,True,fixed,legacy,True,any_cognitive,16589,1056,6.365663994213033
charls,True,fixed,legacy,True,any_functional,16589,392,2.363011634215444
charls,True,fixed,legacy,True,cognitive_only,16589,817,4.924950268250045
charls,True,fixed,legacy,True,functional_only,16589,224,1.3502923624088252
charls,True,fixed,legacy,True,joint,16589,52,0.31346072698776295
elsa,False,fixed,legacy,True,any_cognitive,36031,1431,3.971580028308956
elsa,False,fixed,legacy,True,any_functional,36031,953,2.644944631012184
elsa,False,fixed,legacy,True,cognitive_only,36031,1070,2.969665010685243
elsa,False,fixed,legacy,True,functional_only,36031,572,1.5875218561794011
elsa,False,fixed,legacy,True,joint,36031,115,0.3191696039521523
hrs,True,fixed,legacy,True,any_cognitive,73979,5003,6.7627299639086775
hrs,True,fixed,legacy,True,any_functional,73979,1271,1.7180551237513348
hrs,True,fixed,legacy,True,cognitive_only,73979,4205,5.6840454723637786
hrs,True,fixed,legacy,True,functional_only,73979,641,0.866462104110626
hrs,True,fixed,legacy,True,joint,73979,238,0.3217129185309345
klosa,True,fixed,legacy,True,any_cognitive,13756,745,5.415818551904623
klosa,True,fixed,legacy,True,any_functional,13756,148,1.0758941552776968
klosa,True,fixed,legacy,True,cognitive_only,13756,578,4.201802849665601
klosa,True,fixed,legacy,True,functional_only,13756,59,0.42890375109043327
klosa,True,fixed,legacy,True,joint,13756,52,0.37801686536783946
mhas,True,fixed,legacy,True,any_cognitive,13509,1662,12.302909171663336
mhas,True,fixed,legacy,True,any_functional,13509,373,2.76112221481975
mhas,True,fixed,legacy,True,cognitive_only,13509,1189,8.801539714264564
mhas,True,fixed,legacy,True,functional_only,13509,169,1.2510178399585463
mhas,True,fixed,legacy,True,joint,13509,115,0.8512843289658746
share,True,fixed,legacy,True,any_cognitive,31348,1644,5.244353706775552
share,True,fixed,legacy,True,any_functional,31348,350,1.1164986602016078
share,True,fixed,legacy,True,cognitive_only,31348,1362,4.344774786270256
share,True,fixed,legacy,True,functional_only,31348,183,0.5837692994768406
share,True,fixed,legacy,True,joint,31348,75,0.2392497129003445
charls,True,fixed,strict,False,any_cognitive,30528,3708,12.14622641509434
charls,True,fixed,strict,False,any_functional,30528,1271,4.163390985324948
charls,True,fixed,strict,False,cognitive_only,30528,3385,11.088181341719078
charls,True,fixed,strict,False,functional_only,30528,948,3.1053459119496853
charls,True,fixed,strict,False,joint,30528,323,1.0580450733752622
charls,True,fixed,strict,False,death,30528,623,2.040749475890985
elsa,False,fixed,strict,False,any_cognitive,49453,4955,10.019614583543971
elsa,False,fixed,strict,False,any_functional,49453,2477,5.008796230764564
elsa,False,fixed,strict,False,cognitive_only,49453,4416,8.92969081754393
elsa,False,fixed,strict,False,functional_only,49453,1938,3.9188724647645237
elsa,False,fixed,strict,False,joint,49453,539,1.0899237660000405
hrs,True,fixed,strict,False,any_cognitive,106021,13225,12.473943841314457
hrs,True,fixed,strict,False,any_functional,106021,3278,3.0918402957904565
hrs,True,fixed,strict,False,cognitive_only,106021,12276,11.578838154705199
hrs,True,fixed,strict,False,functional_only,106021,2329,2.1967346091812
hrs,True,fixed,strict,False,joint,106021,949,0.8951056866092566
hrs,True,fixed,strict,False,death,106021,3236,3.052225502494789
klosa,True,fixed,strict,False,any_cognitive,21528,2011,9.34132292827945
klosa,True,fixed,strict,False,any_functional,21528,391,1.8162393162393164
klosa,True,fixed,strict,False,cognitive_only,21528,1813,8.421590486807878
klosa,True,fixed,strict,False,functional_only,21528,193,0.8965068747677444
klosa,True,fixed,strict,False,joint,21528,198,0.919732441471572
klosa,True,fixed,strict,False,death,21528,570,2.6477146042363433
mhas,True,fixed,strict,False,any_cognitive,28233,4759,16.856161229766585
mhas,True,fixed,strict,False,any_functional,28233,1575,5.578578259483583
mhas,True,fixed,strict,False,cognitive_only,28233,4215,14.929338008713207
mhas,True,fixed,strict,False,functional_only,28233,1031,3.6517550384302058
mhas,True,fixed,strict,False,joint,28233,544,1.9268232210533773
mhas,True,fixed,strict,False,death,28233,1487,5.266886267842596
share,True,fixed,strict,False,any_cognitive,81015,6925,8.547799790162316
share,True,fixed,strict,False,any_functional,81015,2620,3.2339690180830707
share,True,fixed,strict,False,cognitive_only,81015,6267,7.735604517681911
share,True,fixed,strict,False,functional_only,81015,1962,2.4217737456026662
share,True,fixed,strict,False,joint,81015,658,0.8121952724804048
share,True,fixed,strict,False,death,81015,4577,5.649571067086342
charls,True,fixed,strict,True,any_cognitive,18170,809,4.452394056136489
charls,True,fixed,strict,True,any_functional,18170,244,1.3428728673637864
charls,True,fixed,strict,True,cognitive_only,18170,688,3.786461199779857
charls,True,fixed,strict,True,functional_only,18170,159,0.8750687947165658
charls,True,fixed,strict,True,joint,18170,26,0.14309301045679693
elsa,False,fixed,strict,True,any_cognitive,38506,1240,3.2202773593725658
elsa,False,fixed,strict,True,any_functional,38506,835,2.168493221835558
elsa,False,fixed,strict,True,cognitive_only,38506,926,2.404820028047577
elsa,False,fixed,strict,True,functional_only,38506,521,1.3530358905105697
elsa,False,fixed,strict,True,joint,38506,104,0.2700877785280216
hrs,True,fixed,strict,True,any_cognitive,81818,4260,5.206678237062749
hrs,True,fixed,strict,True,any_functional,81818,1020,1.2466694370431934
hrs,True,fixed,strict,True,cognitive_only,81818,3627,4.4330098511330025
hrs,True,fixed,strict,True,functional_only,81818,575,0.7027793395096434
hrs,True,fixed,strict,True,joint,81818,167,0.20411156469236597
klosa,True,fixed,strict,True,any_cognitive,14613,667,4.564428933141723
klosa,True,fixed,strict,True,any_functional,14613,82,0.5611441866830904
klosa,True,fixed,strict,True,cognitive_only,14613,517,3.537945664818997
klosa,True,fixed,strict,True,functional_only,14613,21,0.14370765756518167
klosa,True,fixed,strict,True,joint,14613,37,0.2531992061862725
mhas,True,fixed,strict,True,any_cognitive,15089,1464,9.702432235403274
mhas,True,fixed,strict,True,any_functional,15089,322,2.134004904234873
mhas,True,fixed,strict,True,cognitive_only,15089,1095,7.256942143283187
mhas,True,fixed,strict,True,functional_only,15089,163,1.080257140963616
mhas,True,fixed,strict,True,joint,15089,67,0.44403207634700775
share,True,fixed,strict,True,any_cognitive,33722,1266,3.754225728011387
share,True,fixed,strict,True,any_functional,33722,403,1.1950655358519662
share,True,fixed,strict,True,cognitive_only,33722,1023,3.0336278987011447
share,True,fixed,strict,True,functional_only,33722,233,0.6909435976513848
share,True,fixed,strict,True,joint,33722,65,0.1927525057825752
charls,True,fixed,matched_0.15,False,any_cognitive,30522,2295,7.5191665028504024
charls,True,fixed,matched_0.15,False,any_functional,30522,2570,8.420155953083022
charls,True,fixed,matched_0.15,False,cognitive_only,30522,1912,6.264333923071883
charls,True,fixed,matched_0.15,False,functional_only,30522,2187,7.165323373304501
charls,True,fixed,matched_0.15,False,joint,30522,383,1.2548325797785203
charls,True,fixed,matched_0.15,False,death,30522,627,2.0542559465303714
elsa,False,fixed,matched_0.15,False,any_cognitive,49245,4670,9.483196263580059
elsa,False,fixed,matched_0.15,False,any_functional,49245,3045,6.183368869936034
elsa,False,fixed,matched_0.15,False,cognitive_only,49245,4063,8.2505838156158
elsa,False,fixed,matched_0.15,False,functional_only,49245,2438,4.950756421971774
elsa,False,fixed,matched_0.15,False,joint,49245,607,1.2326124479642602
hrs,True,fixed,matched_0.15,False,any_cognitive,113645,7989,7.029785736284043
hrs,True,fixed,matched_0.15,False,any_functional,113645,6723,5.915790399929605
hrs,True,fixed,matched_0.15,False,cognitive_only,113645,6856,6.032821505565577
hrs,True,fixed,matched_0.15,False,functional_only,113645,5590,4.91882616921114
hrs,True,fixed,matched_0.15,False,joint,113645,1133,0.9969642307184654
hrs,True,fixed,matched_0.15,False,death,113645,3578,3.1484007215451624
klosa,True,fixed,matched_0.15,False,any_cognitive,21748,1432,6.584513518484458
klosa,True,fixed,matched_0.15,False,any_functional,21748,924,4.248666544050027
klosa,True,fixed,matched_0.15,False,cognitive_only,21748,1154,5.306235056097113
klosa,True,fixed,matched_0.15,False,functional_only,21748,646,2.9703880816626818
klosa,True,fixed,matched_0.15,False,joint,21748,278,1.278278462387346
klosa,True,fixed,matched_0.15,False,death,21748,587,2.699098767702777
mhas,True,fixed,matched_0.15,False,any_cognitive,31729,3121,9.836427243215985
mhas,True,fixed,matched_0.15,False,any_functional,31729,3137,9.886854297330517
mhas,True,fixed,matched_0.15,False,cognitive_only,31729,2450,7.721642661287781
mhas,True,fixed,matched_0.15,False,functional_only,31729,2466,7.7720697154023135
mhas,True,fixed,matched_0.15,False,joint,31729,671,2.1147845819282045
mhas,True,fixed,matched_0.15,False,death,31729,1957,6.167859056383749
share,True,fixed,matched_0.15,False,any_cognitive,80081,4807,6.00267229430202
share,True,fixed,matched_0.15,False,any_functional,80081,6321,7.893258076197849
share,True,fixed,matched_0.15,False,cognitive_only,80081,3806,4.7526879034977085
share,True,fixed,matched_0.15,False,functional_only,80081,5320,6.643273685393539
share,True,fixed,matched_0.15,False,joint,80081,1001,1.2499843908043107
share,True,fixed,matched_0.15,False,death,80081,4521,5.645533896929359
charls,True,fixed,matched_0.15,True,any_cognitive,18104,430,2.375165709235528
charls,True,fixed,matched_0.15,True,any_functional,18104,536,2.9606716747680073
charls,True,fixed,matched_0.15,True,cognitive_only,18104,293,1.6184268669907205
charls,True,fixed,matched_0.15,True,functional_only,18104,421,2.32545293857711
charls,True,fixed,matched_0.15,True,joint,18104,34,0.18780380026513477
elsa,False,fixed,matched_0.15,True,any_cognitive,38412,1151,2.996459439758409
elsa,False,fixed,matched_0.15,True,any_functional,38412,1087,2.8298448401541187
elsa,False,fixed,matched_0.15,True,cognitive_only,38412,798,2.077475788815995
elsa,False,fixed,matched_0.15,True,functional_only,38412,715,1.861397479954181
elsa,False,fixed,matched_0.15,True,joint,38412,116,0.3019889617827762
hrs,True,fixed,matched_0.15,True,any_cognitive,87200,2229,2.5561926605504586
hrs,True,fixed,matched_0.15,True,any_functional,87200,2059,2.3612385321100917
hrs,True,fixed,matched_0.15,True,cognitive_only,87200,1652,1.8944954128440366
hrs,True,fixed,matched_0.15,True,functional_only,87200,1453,1.6662844036697249
hrs,True,fixed,matched_0.15,True,joint,87200,181,0.20756880733944955
klosa,True,fixed,matched_0.15,True,any_cognitive,14737,435,2.951754088349053
klosa,True,fixed,matched_0.15,True,any_functional,14737,270,1.8321232272511367
klosa,True,fixed,matched_0.15,True,cognitive_only,14737,260,1.7642668114270204
klosa,True,fixed,matched_0.15,True,functional_only,14737,148,1.0042749541969194
klosa,True,fixed,matched_0.15,True,joint,14737,70,0.47499491076881317
mhas,True,fixed,matched_0.15,True,any_cognitive,16621,738,4.440166054990675
mhas,True,fixed,matched_0.15,True,any_functional,16621,666,4.006979122796462
mhas,True,fixed,matched_0.15,True,cognitive_only,16621,443,2.6653029300282776
mhas,True,fixed,matched_0.15,True,functional_only,16621,421,2.5329402563022683
mhas,True,fixed,matched_0.15,True,joint,16621,86,0.5174177245653089
share,True,fixed,matched_0.15,True,any_cognitive,33286,764,2.2952592681607884
share,True,fixed,matched_0.15,True,any_functional,33286,1003,3.0132788559754853
share,True,fixed,matched_0.15,True,cognitive_only,33286,475,1.4270263774559875
share,True,fixed,matched_0.15,True,functional_only,33286,724,2.175088625848705
share,True,fixed,matched_0.15,True,joint,33286,107,0.3214564681848225
charls,True,fixed,matched_0.20,False,any_cognitive,27808,2755,9.907220943613348
charls,True,fixed,matched_0.20,False,any_functional,27808,3470,12.478423475258918
charls,True,fixed,matched_0.20,False,cognitive_only,27808,2155,7.749568469505179
charls,True,fixed,matched_0.20,False,functional_only,27808,2870,10.320771001150748
charls,True,fixed,matched_0.20,False,joint,27808,600,2.15765247410817
charls,True,fixed,matched_0.20,False,death,27808,538,1.9346950517836594
elsa,False,fixed,matched_0.20,False,any_cognitive,44486,5548,12.471339297756598
elsa,False,fixed,matched_0.20,False,any_functional,44486,3839,8.629681248033089
elsa,False,fixed,matched_0.20,False,cognitive_only,44486,4708,10.583104797014792
elsa,False,fixed,matched_0.20,False,functional_only,44486,2999,6.741446747291283
elsa,False,fixed,matched_0.20,False,joint,44486,840,1.8882345007418064
hrs,True,fixed,matched_0.20,False,any_cognitive,101664,9106,8.956956248032736
hrs,True,fixed,matched_0.20,False,any_functional,101664,8541,8.401203966005665
hrs,True,fixed,matched_0.20,False,cognitive_only,101664,7610,7.485442241107963
hrs,True,fixed,matched_0.20,False,functional_only,101664,7045,6.929689959080894
hrs,True,fixed,matched_0.20,False,joint,101664,1496,1.4715140069247719
hrs,True,fixed,matched_0.20,False,death,101664,2797,2.751219704123387
klosa,True,fixed,matched_0.20,False,any_cognitive,20398,1743,8.544955387783117
klosa,True,fixed,matched_0.20,False,any_functional,20398,797,3.90724580841259
klosa,True,fixed,matched_0.20,False,cognitive_only,20398,1493,7.319345033826846
klosa,True,fixed,matched_0.20,False,functional_only,20398,547,2.6816354544563192
klosa,True,fixed,matched_0.20,False,joint,20398,250,1.2256103539562702
klosa,True,fixed,matched_0.20,False,death,20398,519,2.5443670948132167
mhas,True,fixed,matched_0.20,False,any_cognitive,28979,3599,12.419338141412748
mhas,True,fixed,matched_0.20,False,any_functional,28979,3337,11.515235170295732
mhas,True,fixed,matched_0.20,False,cognitive_only,28979,2792,9.634562959384382
mhas,True,fixed,matched_0.20,False,functional_only,28979,2530,8.730459988267366
mhas,True,fixed,matched_0.20,False,joint,28979,807,2.7847751820283655
mhas,True,fixed,matched_0.20,False,death,28979,1717,5.924980158045481
share,True,fixed,matched_0.20,False,any_cognitive,75754,6059,7.998257517754838
share,True,fixed,matched_0.20,False,any_functional,75754,5872,7.751405866356892
share,True,fixed,matched_0.20,False,cognitive_only,75754,4963,6.551469229347625
share,True,fixed,matched_0.20,False,functional_only,75754,4776,6.30461757794968
share,True,fixed,matched_0.20,False,joint,75754,1096,1.4467882884072127
share,True,fixed,matched_0.20,False,death,75754,4032,5.322491221585659
charls,True,fixed,matched_0.20,True,any_cognitive,16780,586,3.492252681764005
charls,True,fixed,matched_0.20,True,any_functional,16780,815,4.856972586412396
charls,True,fixed,matched_0.20,True,cognitive_only,16780,351,2.091775923718713
charls,True,fixed,matched_0.20,True,functional_only,16780,602,3.5876042908224077
charls,True,fixed,matched_0.20,True,joint,16780,56,0.33373063170441003
elsa,False,fixed,matched_0.20,True,any_cognitive,34871,1436,4.118035043445843
elsa,False,fixed,matched_0.20,True,any_functional,34871,1322,3.7911158269048775
elsa,False,fixed,matched_0.20,True,cognitive_only,34871,971,2.7845487654498005
elsa,False,fixed,matched_0.20,True,functional_only,34871,802,2.299905365489949
elsa,False,fixed,matched_0.20,True,joint,34871,153,0.43876000114708497
hrs,True,fixed,matched_0.20,True,any_cognitive,78683,2703,3.4353036869463547
hrs,True,fixed,matched_0.20,True,any_functional,78683,2673,3.397176010065707
hrs,True,fixed,matched_0.20,True,cognitive_only,78683,1906,2.422378404483815
hrs,True,fixed,matched_0.20,True,functional_only,78683,1849,2.3499358184105845
hrs,True,fixed,matched_0.20,True,joint,78683,245,0.31137602785862256
klosa,True,fixed,matched_0.20,True,any_cognitive,13889,601,4.327165382676939
klosa,True,fixed,matched_0.20,True,any_functional,13889,240,1.7279861761105912
klosa,True,fixed,matched_0.20,True,cognitive_only,13889,419,3.0167758657930737
klosa,True,fixed,matched_0.20,True,functional_only,13889,125,0.8999928000575995
klosa,True,fixed,matched_0.20,True,joint,13889,69,0.4967960256317949
mhas,True,fixed,matched_0.20,True,any_cognitive,15457,988,6.3919259882254
mhas,True,fixed,matched_0.20,True,any_functional,15457,849,5.492657048586401
mhas,True,fixed,matched_0.20,True,cognitive_only,15457,546,3.532380151387721
mhas,True,fixed,matched_0.20,True,functional_only,15457,484,3.1312673869444265
mhas,True,fixed,matched_0.20,True,joint,15457,144,0.9316167432231351
share,True,fixed,matched_0.20,True,any_cognitive,31797,1040,3.2707488127810795
share,True,fixed,matched_0.20,True,any_functional,31797,1030,3.2392993049658774
share,True,fixed,matched_0.20,True,cognitive_only,31797,674,2.1196968267446614
share,True,fixed,matched_0.20,True,functional_only,31797,715,2.2486398087869923
share,True,fixed,matched_0.20,True,joint,31797,122,0.3836839953454728
charls,True,fixed,matched_0.25,False,any_cognitive,25655,3154,12.293899824595595
charls,True,fixed,matched_0.25,False,any_functional,25655,3598,14.02455661664393
charls,True,fixed,matched_0.25,False,cognitive_only,25655,2441,9.514714480608069
charls,True,fixed,matched_0.25,False,functional_only,25655,2885,11.245371272656403
charls,True,fixed,matched_0.25,False,joint,25655,713,2.7791853439875265
charls,True,fixed,matched_0.25,False,death,25655,479,1.8670824400701618
elsa,False,fixed,matched_0.25,False,any_cognitive,40097,6227,15.52984013766616
elsa,False,fixed,matched_0.25,False,any_functional,40097,4229,10.546923710003242
elsa,False,fixed,matched_0.25,False,cognitive_only,40097,5195,12.956081502356783
elsa,False,fixed,matched_0.25,False,functional_only,40097,3197,7.973165074693868
elsa,False,fixed,matched_0.25,False,joint,40097,1032,2.5737586353093747
hrs,True,fixed,matched_0.25,False,any_cognitive,94513,11047,11.688339170272872
hrs,True,fixed,matched_0.25,False,any_functional,94513,7935,8.395670436871118
hrs,True,fixed,matched_0.25,False,cognitive_only,94513,9342,9.884354533238813
hrs,True,fixed,matched_0.25,False,functional_only,94513,6230,6.591685799837059
hrs,True,fixed,matched_0.25,False,joint,94513,1705,1.803984637034059
hrs,True,fixed,matched_0.25,False,death,94513,2409,2.5488557129707026
klosa,True,fixed,matched_0.25,False,any_cognitive,19548,2159,11.044608144055658
klosa,True,fixed,matched_0.25,False,any_functional,19548,753,3.8520564763658687
klosa,True,fixed,matched_0.25,False,cognitive_only,19548,1891,9.673623900143237
klosa,True,fixed,matched_0.25,False,functional_only,19548,485,2.4810722324534478
klosa,True,fixed,matched_0.25,False,joint,19548,268,1.3709842439124207
klosa,True,fixed,matched_0.25,False,death,19548,469,2.399222426846736
mhas,True,fixed,matched_0.25,False,any_cognitive,27343,4091,14.961781808872471
mhas,True,fixed,matched_0.25,False,any_functional,27343,3097,11.326482097794683
mhas,True,fixed,matched_0.25,False,cognitive_only,27343,3225,11.794609223567274
mhas,True,fixed,matched_0.25,False,functional_only,27343,2231,8.159309512489484
mhas,True,fixed,matched_0.25,False,joint,27343,866,3.1671725853051966
mhas,True,fixed,matched_0.25,False,death,27343,1554,5.683355886332882
share,True,fixed,matched_0.25,False,any_cognitive,71612,7164,10.00390995922471
share,True,fixed,matched_0.25,False,any_functional,71612,5345,7.4638328771714235
share,True,fixed,matched_0.25,False,cognitive_only,71612,6011,8.393844607049097
share,True,fixed,matched_0.25,False,functional_only,71612,4192,5.853767524995811
share,True,fixed,matched_0.25,False,joint,71612,1153,1.6100653521756132
share,True,fixed,matched_0.25,False,death,71612,3588,5.010333463665308
charls,True,fixed,matched_0.25,True,any_cognitive,15477,739,4.774827162886865
charls,True,fixed,matched_0.25,True,any_functional,15477,860,5.556632422304064
charls,True,fixed,matched_0.25,True,cognitive_only,15477,423,2.733087807714673
charls,True,fixed,matched_0.25,True,functional_only,15477,559,3.6118110744976417
charls,True,fixed,matched_0.25,True,joint,15477,92,0.5944304451767138
elsa,False,fixed,matched_0.25,True,any_cognitive,31529,1715,5.439436709061499
elsa,False,fixed,matched_0.25,True,any_functional,31529,1633,5.179358685654477
elsa,False,fixed,matched_0.25,True,cognitive_only,31529,1093,3.4666497510228678
elsa,False,fixed,matched_0.25,True,functional_only,31529,926,2.9369786545719814
elsa,False,fixed,matched_0.25,True,joint,31529,215,0.6819118906403628
hrs,True,fixed,matched_0.25,True,any_cognitive,73941,3516,4.755142613705522
hrs,True,fixed,matched_0.25,True,any_functional,73941,2748,3.716476650302268
hrs,True,fixed,matched_0.25,True,cognitive_only,73941,2497,3.3770168107004235
hrs,True,fixed,matched_0.25,True,functional_only,73941,1730,2.3397032769370174
hrs,True,fixed,matched_0.25,True,joint,73941,330,0.4463017811498357
klosa,True,fixed,matched_0.25,True,any_cognitive,13323,719,5.396682428882384
klosa,True,fixed,matched_0.25,True,any_functional,13323,228,1.7113262778653455
klosa,True,fixed,matched_0.25,True,cognitive_only,13323,536,4.023117916385199
klosa,True,fixed,matched_0.25,True,functional_only,13323,103,0.7730991518426781
klosa,True,fixed,matched_0.25,True,joint,13323,71,0.5329130075808752
mhas,True,fixed,matched_0.25,True,any_cognitive,14705,1256,8.541312478748726
mhas,True,fixed,matched_0.25,True,any_functional,14705,788,5.358721523291397
mhas,True,fixed,matched_0.25,True,cognitive_only,14705,733,4.984699081944917
mhas,True,fixed,matched_0.25,True,functional_only,14705,413,2.808568514110847
mhas,True,fixed,matched_0.25,True,joint,14705,165,1.1220673240394423
share,True,fixed,matched_0.25,True,any_cognitive,30252,1293,4.274097580325268
share,True,fixed,matched_0.25,True,any_functional,30252,935,3.0907047467936004
share,True,fixed,matched_0.25,True,cognitive_only,30252,875,2.892370752346952
share,True,fixed,matched_0.25,True,functional_only,30252,609,2.0130900436334787
share,True,fixed,matched_0.25,True,joint,30252,127,0.4198069549120719
charls,True,wave,legacy,False,any_cognitive,26892,4460,16.584857950319797
charls,True,wave,legacy,False,any_functional,26892,1714,6.373642719024245
charls,True,wave,legacy,False,cognitive_only,26892,3949,14.684664584262977
charls,True,wave,legacy,False,functional_only,26892,1203,4.4734493529674255
charls,True,wave,legacy,False,joint,26892,511,1.90019336605682
charls,True,wave,legacy,False,death,26892,490,1.8221032277257176
elsa,False,wave,legacy,False,any_cognitive,44247,6872,15.530996451736842
elsa,False,wave,legacy,False,any_functional,44247,2548,5.758582502768549
elsa,False,wave,legacy,False,cognitive_only,44247,6169,13.942188170949443
elsa,False,wave,legacy,False,functional_only,44247,1845,4.169774221981151
elsa,False,wave,legacy,False,joint,44247,703,1.588808280787398
hrs,True,wave,legacy,False,any_cognitive,96752,14370,14.852406151810815
hrs,True,wave,legacy,False,any_functional,96752,4038,4.173557135769803
hrs,True,wave,legacy,False,cognitive_only,96752,13148,13.589383165205888
hrs,True,wave,legacy,False,functional_only,96752,2816,2.9105341491648753
hrs,True,wave,legacy,False,joint,96752,1222,1.263022986604928
hrs,True,wave,legacy,False,death,96752,2687,2.777203572019183
klosa,True,wave,legacy,False,any_cognitive,20248,2264,11.181351244567365
klosa,True,wave,legacy,False,any_functional,20248,550,2.7163176610035555
klosa,True,wave,legacy,False,cognitive_only,20248,2009,9.921967601738443
klosa,True,wave,legacy,False,functional_only,20248,295,1.4569340181746346
klosa,True,wave,legacy,False,joint,20248,255,1.2593836428289213
klosa,True,wave,legacy,False,death,20248,508,2.508889766890557
mhas,True,wave,legacy,False,any_cognitive,26057,4877,18.716659630809378
mhas,True,wave,legacy,False,any_functional,26057,1761,6.758260736078597
mhas,True,wave,legacy,False,cognitive_only,26057,4218,16.187588747745327
mhas,True,wave,legacy,False,functional_only,26057,1102,4.229189853014545
mhas,True,wave,legacy,False,joint,26057,659,2.529070883064052
mhas,True,wave,legacy,False,death,26057,1382,5.30375714779138
share,True,wave,legacy,False,any_cognitive,73329,9018,12.297999427238883
share,True,wave,legacy,False,any_functional,73329,2182,2.9756303781587095
share,True,wave,legacy,False,cognitive_only,73329,8332,11.362489601658279
share,True,wave,legacy,False,functional_only,73329,1496,2.040120552578107
share,True,wave,legacy,False,joint,73329,686,0.9355098255806025
share,True,wave,legacy,False,death,73329,3793,5.172578379631523
charls,True,wave,legacy,True,any_cognitive,16438,1163,7.07506995984913
charls,True,wave,legacy,True,any_functional,16438,385,2.342134079571724
charls,True,wave,legacy,True,cognitive_only,16438,902,5.487285557853753
charls,True,wave,legacy,True,functional_only,16438,210,1.2775276797663948
charls,True,wave,legacy,True,joint,16438,60,0.36500790850468423
elsa,False,wave,legacy,True,any_cognitive,34673,1884,5.433622703544545
elsa,False,wave,legacy,True,any_functional,34673,892,2.572606927580538
elsa,False,wave,legacy,True,cognitive_only,34673,1442,4.158855593689614
elsa,False,wave,legacy,True,functional_only,34673,461,1.3295647910477892
elsa,False,wave,legacy,True,joint,34673,141,0.40665647622069045
hrs,True,wave,legacy,True,any_cognitive,75367,4768,6.326376265474279
hrs,True,wave,legacy,True,any_functional,75367,1320,1.7514296708108323
hrs,True,wave,legacy,True,cognitive_only,75367,3985,5.287460028925127
hrs,True,wave,legacy,True,functional_only,75367,686,0.9102126925577507
hrs,True,wave,legacy,True,joint,75367,235,0.3118075550307164
klosa,True,wave,legacy,True,any_cognitive,13756,745,5.415818551904623
klosa,True,wave,legacy,True,any_functional,13756,148,1.0758941552776968
klosa,True,wave,legacy,True,cognitive_only,13756,578,4.201802849665601
klosa,True,wave,legacy,True,functional_only,13756,59,0.42890375109043327
klosa,True,wave,legacy,True,joint,13756,52,0.37801686536783946
mhas,True,wave,legacy,True,any_cognitive,14089,1626,11.540918447015402
mhas,True,wave,legacy,True,any_functional,14089,417,2.959755837887714
mhas,True,wave,legacy,True,cognitive_only,14089,1129,8.013343743345873
mhas,True,wave,legacy,True,functional_only,14089,178,1.2633969763645396
mhas,True,wave,legacy,True,joint,14089,131,0.9298033927177229
share,True,wave,legacy,True,any_cognitive,30909,1716,5.5517810346501015
share,True,wave,legacy,True,any_functional,30909,344,1.1129444498366172
share,True,wave,legacy,True,cognitive_only,30909,1434,4.639425410074736
share,True,wave,legacy,True,functional_only,30909,173,0.5597075285515545
share,True,wave,legacy,True,joint,30909,82,0.2652948979261704
charls,True,wave,strict,False,any_cognitive,30040,3856,12.836218375499334
charls,True,wave,strict,False,any_functional,30040,1302,4.33422103861518
charls,True,wave,strict,False,cognitive_only,30040,3518,11.711051930758988
charls,True,wave,strict,False,functional_only,30040,964,3.2090545938748334
charls,True,wave,strict,False,joint,30040,338,1.1251664447403462
charls,True,wave,strict,False,death,30040,615,2.047270306258322
elsa,False,wave,strict,False,any_cognitive,48595,5884,12.108241588640807
elsa,False,wave,strict,False,any_functional,48595,2082,4.284391398292006
elsa,False,wave,strict,False,cognitive_only,48595,5377,11.064924374935693
elsa,False,wave,strict,False,functional_only,48595,1575,3.241074184586892
elsa,False,wave,strict,False,joint,48595,507,1.0433172137051137
hrs,True,wave,strict,False,any_cognitive,110863,11888,10.723144782298874
hrs,True,wave,strict,False,any_functional,110863,3634,3.277919594454417
hrs,True,wave,strict,False,cognitive_only,110863,10951,9.87795747905072
hrs,True,wave,strict,False,functional_only,110863,2697,2.4327322912062637
hrs,True,wave,strict,False,joint,110863,937,0.8451873032481532
hrs,True,wave,strict,False,death,110863,3542,3.1949342882656975
klosa,True,wave,strict,False,any_cognitive,21528,2011,9.34132292827945
klosa,True,wave,strict,False,any_functional,21528,391,1.8162393162393164
klosa,True,wave,strict,False,cognitive_only,21528,1813,8.421590486807878
klosa,True,wave,strict,False,functional_only,21528,193,0.8965068747677444
klosa,True,wave,strict,False,joint,21528,198,0.919732441471572
klosa,True,wave,strict,False,death,21528,570,2.6477146042363433
mhas,True,wave,strict,False,any_cognitive,29302,4500,15.357313493959456
mhas,True,wave,strict,False,any_functional,29302,1820,6.211180124223603
mhas,True,wave,strict,False,cognitive_only,29302,3901,13.313084431096852
mhas,True,wave,strict,False,functional_only,29302,1221,4.166951061360999
mhas,True,wave,strict,False,joint,29302,599,2.044229062862603
mhas,True,wave,strict,False,death,29302,1718,5.863081018360521
share,True,wave,strict,False,any_cognitive,79989,7468,9.336283739014114
share,True,wave,strict,False,any_functional,79989,2488,3.1104276838065235
share,True,wave,strict,False,cognitive_only,79989,6797,8.497418395029316
share,True,wave,strict,False,functional_only,79989,1817,2.2715623398217257
share,True,wave,strict,False,joint,79989,671,0.8388653439847978
share,True,wave,strict,False,death,79989,4473,5.592018902599107
charls,True,wave,strict,True,any_cognitive,18045,883,4.893322249930729
charls,True,wave,strict,True,any_functional,18045,244,1.3521751177611527
charls,True,wave,strict,True,cognitive_only,18045,748,4.145192574120255
charls,True,wave,strict,True,functional_only,18045,151,0.8367968966472707
charls,True,wave,strict,True,joint,18045,28,0.15516763646439458
elsa,False,wave,strict,True,any_cognitive,37877,1553,4.100113525358397
elsa,False,wave,strict,True,any_functional,37877,691,1.8243261081923066
elsa,False,wave,strict,True,cognitive_only,37877,1233,3.2552736489162286
elsa,False,wave,strict,True,functional_only,37877,403,1.0639702193943554
elsa,False,wave,strict,True,joint,37877,92,0.24289146447712331
hrs,True,wave,strict,True,any_cognitive,85496,3639,4.25633947787031
hrs,True,wave,strict,True,any_functional,85496,1122,1.3123420978759242
hrs,True,wave,strict,True,cognitive_only,85496,3048,3.565079068026574
hrs,True,wave,strict,True,functional_only,85496,682,0.7976981379245813
hrs,True,wave,strict,True,joint,85496,165,0.19299148498175353
klosa,True,wave,strict,True,any_cognitive,14613,667,4.564428933141723
klosa,True,wave,strict,True,any_functional,14613,82,0.5611441866830904
klosa,True,wave,strict,True,cognitive_only,14613,517,3.537945664818997
klosa,True,wave,strict,True,functional_only,14613,21,0.14370765756518167
klosa,True,wave,strict,True,joint,14613,37,0.2531992061862725
mhas,True,wave,strict,True,any_cognitive,15553,1371,8.815019610364558
mhas,True,wave,strict,True,any_functional,15553,375,2.4111103967080307
mhas,True,wave,strict,True,cognitive_only,15553,1002,6.442486980003857
mhas,True,wave,strict,True,functional_only,15553,185,1.1894811290426284
mhas,True,wave,strict,True,joint,15553,82,0.5272294734134894
share,True,wave,strict,True,any_cognitive,33386,1326,3.9717246750134785
share,True,wave,strict,True,any_functional,33386,354,1.0603246869945486
share,True,wave,strict,True,cognitive_only,33386,1083,3.2438746780087464
share,True,wave,strict,True,functional_only,33386,194,0.5810818906128317
share,True,wave,strict,True,joint,33386,66,0.1976876535074582
charls,True,wave,matched_0.15,False,any_cognitive,30522,2295,7.5191665028504024
charls,True,wave,matched_0.15,False,any_functional,30522,2570,8.420155953083022
charls,True,wave,matched_0.15,False,cognitive_only,30522,1912,6.264333923071883
charls,True,wave,matched_0.15,False,functional_only,30522,2187,7.165323373304501
charls,True,wave,matched_0.15,False,joint,30522,383,1.2548325797785203
charls,True,wave,matched_0.15,False,death,30522,627,2.0542559465303714
elsa,False,wave,matched_0.15,False,any_cognitive,49245,4670,9.483196263580059
elsa,False,wave,matched_0.15,False,any_functional,49245,3045,6.183368869936034
elsa,False,wave,matched_0.15,False,cognitive_only,49245,4063,8.2505838156158
elsa,False,wave,matched_0.15,False,functional_only,49245,2438,4.950756421971774
elsa,False,wave,matched_0.15,False,joint,49245,607,1.2326124479642602
hrs,True,wave,matched_0.15,False,any_cognitive,113645,7989,7.029785736284043
hrs,True,wave,matched_0.15,False,any_functional,113645,6723,5.915790399929605
hrs,True,wave,matched_0.15,False,cognitive_only,113645,6856,6.032821505565577
hrs,True,wave,matched_0.15,False,functional_only,113645,5590,4.91882616921114
hrs,True,wave,matched_0.15,False,joint,113645,1133,0.9969642307184654
hrs,True,wave,matched_0.15,False,death,113645,3578,3.1484007215451624
klosa,True,wave,matched_0.15,False,any_cognitive,21748,1432,6.584513518484458
klosa,True,wave,matched_0.15,False,any_functional,21748,924,4.248666544050027
klosa,True,wave,matched_0.15,False,cognitive_only,21748,1154,5.306235056097113
klosa,True,wave,matched_0.15,False,functional_only,21748,646,2.9703880816626818
klosa,True,wave,matched_0.15,False,joint,21748,278,1.278278462387346
klosa,True,wave,matched_0.15,False,death,21748,587,2.699098767702777
mhas,True,wave,matched_0.15,False,any_cognitive,31729,3121,9.836427243215985
mhas,True,wave,matched_0.15,False,any_functional,31729,3137,9.886854297330517
mhas,True,wave,matched_0.15,False,cognitive_only,31729,2450,7.721642661287781
mhas,True,wave,matched_0.15,False,functional_only,31729,2466,7.7720697154023135
mhas,True,wave,matched_0.15,False,joint,31729,671,2.1147845819282045
mhas,True,wave,matched_0.15,False,death,31729,1957,6.167859056383749
share,True,wave,matched_0.15,False,any_cognitive,80081,4807,6.00267229430202
share,True,wave,matched_0.15,False,any_functional,80081,6321,7.893258076197849
share,True,wave,matched_0.15,False,cognitive_only,80081,3806,4.7526879034977085
share,True,wave,matched_0.15,False,functional_only,80081,5320,6.643273685393539
share,True,wave,matched_0.15,False,joint,80081,1001,1.2499843908043107
share,True,wave,matched_0.15,False,death,80081,4521,5.645533896929359
charls,True,wave,matched_0.15,True,any_cognitive,18104,430,2.375165709235528
charls,True,wave,matched_0.15,True,any_functional,18104,536,2.9606716747680073
charls,True,wave,matched_0.15,True,cognitive_only,18104,293,1.6184268669907205
charls,True,wave,matched_0.15,True,functional_only,18104,421,2.32545293857711
charls,True,wave,matched_0.15,True,joint,18104,34,0.18780380026513477
elsa,False,wave,matched_0.15,True,any_cognitive,38412,1151,2.996459439758409
elsa,False,wave,matched_0.15,True,any_functional,38412,1087,2.8298448401541187
elsa,False,wave,matched_0.15,True,cognitive_only,38412,798,2.077475788815995
elsa,False,wave,matched_0.15,True,functional_only,38412,715,1.861397479954181
elsa,False,wave,matched_0.15,True,joint,38412,116,0.3019889617827762
hrs,True,wave,matched_0.15,True,any_cognitive,87200,2229,2.5561926605504586
hrs,True,wave,matched_0.15,True,any_functional,87200,2059,2.3612385321100917
hrs,True,wave,matched_0.15,True,cognitive_only,87200,1652,1.8944954128440366
hrs,True,wave,matched_0.15,True,functional_only,87200,1453,1.6662844036697249
hrs,True,wave,matched_0.15,True,joint,87200,181,0.20756880733944955
klosa,True,wave,matched_0.15,True,any_cognitive,14737,435,2.951754088349053
klosa,True,wave,matched_0.15,True,any_functional,14737,270,1.8321232272511367
klosa,True,wave,matched_0.15,True,cognitive_only,14737,260,1.7642668114270204
klosa,True,wave,matched_0.15,True,functional_only,14737,148,1.0042749541969194
klosa,True,wave,matched_0.15,True,joint,14737,70,0.47499491076881317
mhas,True,wave,matched_0.15,True,any_cognitive,16621,738,4.440166054990675
mhas,True,wave,matched_0.15,True,any_functional,16621,666,4.006979122796462
mhas,True,wave,matched_0.15,True,cognitive_only,16621,443,2.6653029300282776
mhas,True,wave,matched_0.15,True,functional_only,16621,421,2.5329402563022683
mhas,True,wave,matched_0.15,True,joint,16621,86,0.5174177245653089
share,True,wave,matched_0.15,True,any_cognitive,33286,764,2.2952592681607884
share,True,wave,matched_0.15,True,any_functional,33286,1003,3.0132788559754853
share,True,wave,matched_0.15,True,cognitive_only,33286,475,1.4270263774559875
share,True,wave,matched_0.15,True,functional_only,33286,724,2.175088625848705
share,True,wave,matched_0.15,True,joint,33286,107,0.3214564681848225
charls,True,wave,matched_0.20,False,any_cognitive,27808,2755,9.907220943613348
charls,True,wave,matched_0.20,False,any_functional,27808,3470,12.478423475258918
charls,True,wave,matched_0.20,False,cognitive_only,27808,2155,7.749568469505179
charls,True,wave,matched_0.20,False,functional_only,27808,2870,10.320771001150748
charls,True,wave,matched_0.20,False,joint,27808,600,2.15765247410817
charls,True,wave,matched_0.20,False,death,27808,538,1.9346950517836594
elsa,False,wave,matched_0.20,False,any_cognitive,44486,5548,12.471339297756598
elsa,False,wave,matched_0.20,False,any_functional,44486,3839,8.629681248033089
elsa,False,wave,matched_0.20,False,cognitive_only,44486,4708,10.583104797014792
elsa,False,wave,matched_0.20,False,functional_only,44486,2999,6.741446747291283
elsa,False,wave,matched_0.20,False,joint,44486,840,1.8882345007418064
hrs,True,wave,matched_0.20,False,any_cognitive,101664,9106,8.956956248032736
hrs,True,wave,matched_0.20,False,any_functional,101664,8541,8.401203966005665
hrs,True,wave,matched_0.20,False,cognitive_only,101664,7610,7.485442241107963
hrs,True,wave,matched_0.20,False,functional_only,101664,7045,6.929689959080894
hrs,True,wave,matched_0.20,False,joint,101664,1496,1.4715140069247719
hrs,True,wave,matched_0.20,False,death,101664,2797,2.751219704123387
klosa,True,wave,matched_0.20,False,any_cognitive,20398,1743,8.544955387783117
klosa,True,wave,matched_0.20,False,any_functional,20398,797,3.90724580841259
klosa,True,wave,matched_0.20,False,cognitive_only,20398,1493,7.319345033826846
klosa,True,wave,matched_0.20,False,functional_only,20398,547,2.6816354544563192
klosa,True,wave,matched_0.20,False,joint,20398,250,1.2256103539562702
klosa,True,wave,matched_0.20,False,death,20398,519,2.5443670948132167
mhas,True,wave,matched_0.20,False,any_cognitive,28979,3599,12.419338141412748
mhas,True,wave,matched_0.20,False,any_functional,28979,3337,11.515235170295732
mhas,True,wave,matched_0.20,False,cognitive_only,28979,2792,9.634562959384382
mhas,True,wave,matched_0.20,False,functional_only,28979,2530,8.730459988267366
mhas,True,wave,matched_0.20,False,joint,28979,807,2.7847751820283655
mhas,True,wave,matched_0.20,False,death,28979,1717,5.924980158045481
share,True,wave,matched_0.20,False,any_cognitive,75754,6059,7.998257517754838
share,True,wave,matched_0.20,False,any_functional,75754,5872,7.751405866356892
share,True,wave,matched_0.20,False,cognitive_only,75754,4963,6.551469229347625
share,True,wave,matched_0.20,False,functional_only,75754,4776,6.30461757794968
share,True,wave,matched_0.20,False,joint,75754,1096,1.4467882884072127
share,True,wave,matched_0.20,False,death,75754,4032,5.322491221585659
charls,True,wave,matched_0.20,True,any_cognitive,16780,586,3.492252681764005
charls,True,wave,matched_0.20,True,any_functional,16780,815,4.856972586412396
charls,True,wave,matched_0.20,True,cognitive_only,16780,351,2.091775923718713
charls,True,wave,matched_0.20,True,functional_only,16780,602,3.5876042908224077
charls,True,wave,matched_0.20,True,joint,16780,56,0.33373063170441003
elsa,False,wave,matched_0.20,True,any_cognitive,34871,1436,4.118035043445843
elsa,False,wave,matched_0.20,True,any_functional,34871,1322,3.7911158269048775
elsa,False,wave,matched_0.20,True,cognitive_only,34871,971,2.7845487654498005
elsa,False,wave,matched_0.20,True,functional_only,34871,802,2.299905365489949
elsa,False,wave,matched_0.20,True,joint,34871,153,0.43876000114708497
hrs,True,wave,matched_0.20,True,any_cognitive,78683,2703,3.4353036869463547
hrs,True,wave,matched_0.20,True,any_functional,78683,2673,3.397176010065707
hrs,True,wave,matched_0.20,True,cognitive_only,78683,1906,2.422378404483815
hrs,True,wave,matched_0.20,True,functional_only,78683,1849,2.3499358184105845
hrs,True,wave,matched_0.20,True,joint,78683,245,0.31137602785862256
klosa,True,wave,matched_0.20,True,any_cognitive,13889,601,4.327165382676939
klosa,True,wave,matched_0.20,True,any_functional,13889,240,1.7279861761105912
klosa,True,wave,matched_0.20,True,cognitive_only,13889,419,3.0167758657930737
klosa,True,wave,matched_0.20,True,functional_only,13889,125,0.8999928000575995
klosa,True,wave,matched_0.20,True,joint,13889,69,0.4967960256317949
mhas,True,wave,matched_0.20,True,any_cognitive,15457,988,6.3919259882254
mhas,True,wave,matched_0.20,True,any_functional,15457,849,5.492657048586401
mhas,True,wave,matched_0.20,True,cognitive_only,15457,546,3.532380151387721
mhas,True,wave,matched_0.20,True,functional_only,15457,484,3.1312673869444265
mhas,True,wave,matched_0.20,True,joint,15457,144,0.9316167432231351
share,True,wave,matched_0.20,True,any_cognitive,31797,1040,3.2707488127810795
share,True,wave,matched_0.20,True,any_functional,31797,1030,3.2392993049658774
share,True,wave,matched_0.20,True,cognitive_only,31797,674,2.1196968267446614
share,True,wave,matched_0.20,True,functional_only,31797,715,2.2486398087869923
share,True,wave,matched_0.20,True,joint,31797,122,0.3836839953454728
charls,True,wave,matched_0.25,False,any_cognitive,25655,3154,12.293899824595595
charls,True,wave,matched_0.25,False,any_functional,25655,3598,14.02455661664393
charls,True,wave,matched_0.25,False,cognitive_only,25655,2441,9.514714480608069
charls,True,wave,matched_0.25,False,functional_only,25655,2885,11.245371272656403
charls,True,wave,matched_0.25,False,joint,25655,713,2.7791853439875265
charls,True,wave,matched_0.25,False,death,25655,479,1.8670824400701618
elsa,False,wave,matched_0.25,False,any_cognitive,40097,6227,15.52984013766616
elsa,False,wave,matched_0.25,False,any_functional,40097,4229,10.546923710003242
elsa,False,wave,matched_0.25,False,cognitive_only,40097,5195,12.956081502356783
elsa,False,wave,matched_0.25,False,functional_only,40097,3197,7.973165074693868
elsa,False,wave,matched_0.25,False,joint,40097,1032,2.5737586353093747
hrs,True,wave,matched_0.25,False,any_cognitive,94513,11047,11.688339170272872
hrs,True,wave,matched_0.25,False,any_functional,94513,7935,8.395670436871118
hrs,True,wave,matched_0.25,False,cognitive_only,94513,9342,9.884354533238813
hrs,True,wave,matched_0.25,False,functional_only,94513,6230,6.591685799837059
hrs,True,wave,matched_0.25,False,joint,94513,1705,1.803984637034059
hrs,True,wave,matched_0.25,False,death,94513,2409,2.5488557129707026
klosa,True,wave,matched_0.25,False,any_cognitive,19548,2159,11.044608144055658
klosa,True,wave,matched_0.25,False,any_functional,19548,753,3.8520564763658687
klosa,True,wave,matched_0.25,False,cognitive_only,19548,1891,9.673623900143237
klosa,True,wave,matched_0.25,False,functional_only,19548,485,2.4810722324534478
klosa,True,wave,matched_0.25,False,joint,19548,268,1.3709842439124207
klosa,True,wave,matched_0.25,False,death,19548,469,2.399222426846736
mhas,True,wave,matched_0.25,False,any_cognitive,27343,4091,14.961781808872471
mhas,True,wave,matched_0.25,False,any_functional,27343,3097,11.326482097794683
mhas,True,wave,matched_0.25,False,cognitive_only,27343,3225,11.794609223567274
mhas,True,wave,matched_0.25,False,functional_only,27343,2231,8.159309512489484
mhas,True,wave,matched_0.25,False,joint,27343,866,3.1671725853051966
mhas,True,wave,matched_0.25,False,death,27343,1554,5.683355886332882
share,True,wave,matched_0.25,False,any_cognitive,71612,7164,10.00390995922471
share,True,wave,matched_0.25,False,any_functional,71612,5345,7.4638328771714235
share,True,wave,matched_0.25,False,cognitive_only,71612,6011,8.393844607049097
share,True,wave,matched_0.25,False,functional_only,71612,4192,5.853767524995811
share,True,wave,matched_0.25,False,joint,71612,1153,1.6100653521756132
share,True,wave,matched_0.25,False,death,71612,3588,5.010333463665308
charls,True,wave,matched_0.25,True,any_cognitive,15477,739,4.774827162886865
charls,True,wave,matched_0.25,True,any_functional,15477,860,5.556632422304064
charls,True,wave,matched_0.25,True,cognitive_only,15477,423,2.733087807714673
charls,True,wave,matched_0.25,True,functional_only,15477,559,3.6118110744976417
charls,True,wave,matched_0.25,True,joint,15477,92,0.5944304451767138
elsa,False,wave,matched_0.25,True,any_cognitive,31529,1715,5.439436709061499
elsa,False,wave,matched_0.25,True,any_functional,31529,1633,5.179358685654477
elsa,False,wave,matched_0.25,True,cognitive_only,31529,1093,3.4666497510228678
elsa,False,wave,matched_0.25,True,functional_only,31529,926,2.9369786545719814
elsa,False,wave,matched_0.25,True,joint,31529,215,0.6819118906403628
hrs,True,wave,matched_0.25,True,any_cognitive,73941,3516,4.755142613705522
hrs,True,wave,matched_0.25,True,any_functional,73941,2748,3.716476650302268
hrs,True,wave,matched_0.25,True,cognitive_only,73941,2497,3.3770168107004235
hrs,True,wave,matched_0.25,True,functional_only,73941,1730,2.3397032769370174
hrs,True,wave,matched_0.25,True,joint,73941,330,0.4463017811498357
klosa,True,wave,matched_0.25,True,any_cognitive,13323,719,5.396682428882384
klosa,True,wave,matched_0.25,True,any_functional,13323,228,1.7113262778653455
klosa,True,wave,matched_0.25,True,cognitive_only,13323,536,4.023117916385199
klosa,True,wave,matched_0.25,True,functional_only,13323,103,0.7730991518426781
klosa,True,wave,matched_0.25,True,joint,13323,71,0.5329130075808752
mhas,True,wave,matched_0.25,True,any_cognitive,14705,1256,8.541312478748726
mhas,True,wave,matched_0.25,True,any_functional,14705,788,5.358721523291397
mhas,True,wave,matched_0.25,True,cognitive_only,14705,733,4.984699081944917
mhas,True,wave,matched_0.25,True,functional_only,14705,413,2.808568514110847
mhas,True,wave,matched_0.25,True,joint,14705,165,1.1220673240394423
share,True,wave,matched_0.25,True,any_cognitive,30252,1293,4.274097580325268
share,True,wave,matched_0.25,True,any_functional,30252,935,3.0907047467936004
share,True,wave,matched_0.25,True,cognitive_only,30252,875,2.892370752346952
share,True,wave,matched_0.25,True,functional_only,30252,609,2.0130900436334787
share,True,wave,matched_0.25,True,joint,30252,127,0.4198069549120719
